station,doy,psum_lt,tsum0_lt
FLAKKEBJERG,1,1.5451612903225806,2.8774193548387097
FLAKKEBJERG,2,3.5806451612903225,5.080645161290322
FLAKKEBJERG,3,5.116129032258065,7.535483870967742
FLAKKEBJERG,4,7.193548387096774,10.019354838709678
FLAKKEBJERG,5,8.796774193548387,12.274193548387096
FLAKKEBJERG,6,11.064516129032258,14.625806451612902
FLAKKEBJERG,7,12.17741935483871,17.341935483870966
FLAKKEBJERG,8,13.40967741935484,20.229032258064517
FLAKKEBJERG,9,15.083870967741936,22.870967741935484
FLAKKEBJERG,10,17.419354838709676,25.47741935483871
FLAKKEBJERG,11,18.638709677419353,28.18709677419355
FLAKKEBJERG,12,21.22258064516129,31.07741935483871
FLAKKEBJERG,13,22.561290322580646,33.78064516129032
FLAKKEBJERG,14,24.548387096774192,36.15483870967742
FLAKKEBJERG,15,25.825806451612902,38.45161290322581
FLAKKEBJERG,16,27.02258064516129,41.23870967741936
FLAKKEBJERG,17,28.119354838709675,43.645161290322584
FLAKKEBJERG,18,29.696774193548386,45.76774193548387
FLAKKEBJERG,19,31.53548387096774,47.851612903225806
FLAKKEBJERG,20,33.880645161290325,50.17741935483871
FLAKKEBJERG,21,35.54516129032258,52.24516129032258
FLAKKEBJERG,22,36.380645161290325,53.71290322580645
FLAKKEBJERG,23,37.174193548387095,55.13548387096774
FLAKKEBJERG,24,39.23870967741936,57.196774193548386
FLAKKEBJERG,25,40.15806451612903,58.92258064516129
FLAKKEBJERG,26,41.880645161290325,60.81935483870968
FLAKKEBJERG,27,43.79032258064516,62.806451612903224
FLAKKEBJERG,28,44.906451612903226,64.78709677419354
FLAKKEBJERG,29,45.96774193548387,66.64838709677419
FLAKKEBJERG,30,47.65483870967742,68.84516129032258
FLAKKEBJERG,31,49,70.83225806451613
FLAKKEBJERG,32,50.76129032258065,72.8258064516129
FLAKKEBJERG,33,51.99677419354839,74.77741935483871
FLAKKEBJERG,34,53.29032258064516,76.8
FLAKKEBJERG,35,54.28709677419355,79.11935483870968
FLAKKEBJERG,36,55.24516129032258,81.58387096774193
FLAKKEBJERG,37,56.225806451612904,84.03548387096774
FLAKKEBJERG,38,58.07741935483871,86.50967741935484
FLAKKEBJERG,39,59.21290322580645,88.90967741935484
FLAKKEBJERG,40,60.435483870967744,91.12258064516129
FLAKKEBJERG,41,61.770967741935486,93.35483870967742
FLAKKEBJERG,42,62.964516129032255,95.28064516129032
FLAKKEBJERG,43,63.91935483870968,97.26451612903226
FLAKKEBJERG,44,65.63548387096775,99.18064516129033
FLAKKEBJERG,45,65.93548387096774,100.8741935483871
FLAKKEBJERG,46,66.85806451612903,102.56129032258065
FLAKKEBJERG,47,69.1,104.8
FLAKKEBJERG,48,70.88387096774194,107.01612903225806
FLAKKEBJERG,49,72.03870967741936,109.48064516129033
FLAKKEBJERG,50,74.19354838709677,111.78387096774193
FLAKKEBJERG,51,76.22258064516129,114.34193548387097
FLAKKEBJERG,52,78.30322580645161,117.07096774193548
FLAKKEBJERG,53,79.6741935483871,119.53548387096774
FLAKKEBJERG,54,80.70322580645161,121.8
FLAKKEBJERG,55,81.46774193548387,124.36451612903225
FLAKKEBJERG,56,82.29032258064517,126.82903225806452
FLAKKEBJERG,57,83.16129032258064,129.42903225806452
FLAKKEBJERG,58,84.39354838709677,131.70645161290324
FLAKKEBJERG,59,85.3225806451613,134.34516129032258
FLAKKEBJERG,60,86.35161290322581,136.69677419354838
FLAKKEBJERG,61,87.5,138.9967741935484
FLAKKEBJERG,62,89.30967741935484,141.5
FLAKKEBJERG,63,90.86451612903225,143.98387096774192
FLAKKEBJERG,64,92.25483870967741,146.11935483870968
FLAKKEBJERG,65,93.4483870967742,148.36451612903227
FLAKKEBJERG,66,95.33548387096775,150.88064516129032
FLAKKEBJERG,67,96.40645161290323,153.48387096774195
FLAKKEBJERG,68,97.49677419354839,156.3516129032258
FLAKKEBJERG,69,98.36451612903225,159.53225806451613
FLAKKEBJERG,70,99.54838709677419,162.85806451612905
FLAKKEBJERG,71,101.45806451612903,166.0225806451613
FLAKKEBJERG,72,103.09354838709677,169.41935483870967
FLAKKEBJERG,73,104.10967741935484,173
FLAKKEBJERG,74,105.27741935483871,176.43870967741935
FLAKKEBJERG,75,106.29354838709678,180.2258064516129
FLAKKEBJERG,76,106.99032258064516,184.36129032258066
FLAKKEBJERG,77,108.04516129032258,188.61290322580646
FLAKKEBJERG,78,109.37741935483871,192.16129032258064
FLAKKEBJERG,79,110.68064516129033,195.52903225806452
FLAKKEBJERG,80,111.59677419354838,199.11935483870968
FLAKKEBJERG,81,112.79032258064515,202.95806451612904
FLAKKEBJERG,82,113.39032258064516,206.99032258064517
FLAKKEBJERG,83,114.77741935483871,210.9548387096774
FLAKKEBJERG,84,115.44193548387096,214.98387096774195
FLAKKEBJERG,85,115.96451612903226,219.09677419354838
FLAKKEBJERG,86,117.30967741935484,223.14193548387095
FLAKKEBJERG,87,118.42258064516129,227.52903225806452
FLAKKEBJERG,88,119.03548387096774,232.31290322580645
FLAKKEBJERG,89,120.2516129032258,237.66129032258064
FLAKKEBJERG,90,121.38709677419355,243.35806451612902
FLAKKEBJERG,91,122.04516129032258,248.84193548387097
FLAKKEBJERG,92,122.50322580645161,254.3516129032258
FLAKKEBJERG,93,123.24193548387096,259.8032258064516
FLAKKEBJERG,94,124.92258064516129,265.3741935483871
FLAKKEBJERG,95,126.21935483870968,270.76774193548385
FLAKKEBJERG,96,127.98709677419355,276.5064516129032
FLAKKEBJERG,97,129.34193548387097,282.7451612903226
FLAKKEBJERG,98,130.64193548387098,288.81612903225806
FLAKKEBJERG,99,130.9516129032258,294.5806451612903
FLAKKEBJERG,100,131.49354838709678,300.4129032258065
FLAKKEBJERG,101,132.76774193548388,306.7516129032258
FLAKKEBJERG,102,133.38387096774193,312.7
FLAKKEBJERG,103,134.81612903225806,319.13548387096773
FLAKKEBJERG,104,136.2258064516129,325.84193548387094
FLAKKEBJERG,105,136.8483870967742,332.6322580645161
FLAKKEBJERG,106,137.48387096774195,339.758064516129
FLAKKEBJERG,107,138.26451612903224,347.13870967741934
FLAKKEBJERG,108,138.86451612903227,354.4
FLAKKEBJERG,109,139.7935483870968,361.8
FLAKKEBJERG,110,140.19354838709677,369.7806451612903
FLAKKEBJERG,111,140.93548387096774,378.27096774193546
FLAKKEBJERG,112,141.20645161290324,387.4290322580645
FLAKKEBJERG,113,141.53225806451613,397.22903225806454
FLAKKEBJERG,114,142.5258064516129,406.96451612903223
FLAKKEBJERG,115,144.1451612903226,416.4161290322581
FLAKKEBJERG,116,145.90645161290323,426
FLAKKEBJERG,117,147.44838709677418,435.4225806451613
FLAKKEBJERG,118,148.33870967741936,445.14193548387095
FLAKKEBJERG,119,149.58387096774194,455.21935483870965
FLAKKEBJERG,120,150.6741935483871,465.1709677419355
FLAKKEBJERG,121,152.6225806451613,474.7032258064516
FLAKKEBJERG,122,153.19032258064516,484.4451612903226
FLAKKEBJERG,123,153.8709677419355,493.9161290322581
FLAKKEBJERG,124,155.67741935483872,503.56129032258065
FLAKKEBJERG,125,157.5,513.3516129032258
FLAKKEBJERG,126,158.55161290322582,523.2193548387097
FLAKKEBJERG,127,160.05161290322582,533.6612903225806
FLAKKEBJERG,128,161.31290322580645,544.5129032258064
FLAKKEBJERG,129,162.69032258064516,556.1903225806452
FLAKKEBJERG,130,163.82258064516128,568.6322580645161
FLAKKEBJERG,131,165.08064516129033,580.7258064516129
FLAKKEBJERG,132,166.79677419354837,592.2451612903226
FLAKKEBJERG,133,167.71612903225807,603.4677419354839
FLAKKEBJERG,134,168.01290322580644,614.6064516129032
FLAKKEBJERG,135,168.43225806451613,625.7677419354839
FLAKKEBJERG,136,170.24516129032259,636.8
FLAKKEBJERG,137,172.38709677419354,648.2290322580645
FLAKKEBJERG,138,173.7,660.016129032258
FLAKKEBJERG,139,175.16774193548386,672.2741935483871
FLAKKEBJERG,140,176.3548387096774,684.5032258064516
FLAKKEBJERG,141,177.9225806451613,696.8774193548387
FLAKKEBJERG,142,179.71612903225807,709.5225806451613
FLAKKEBJERG,143,181.57096774193548,722.1483870967742
FLAKKEBJERG,144,183.4548387096774,734.7935483870967
FLAKKEBJERG,145,184.83870967741936,747.583870967742
FLAKKEBJERG,146,185.91612903225806,760.1064516129032
FLAKKEBJERG,147,188.03870967741935,772.6129032258065
FLAKKEBJERG,148,189.59677419354838,785.6806451612903
FLAKKEBJERG,149,190.65806451612903,798.7709677419355
FLAKKEBJERG,150,191.4258064516129,811.9677419354839
FLAKKEBJERG,151,192.51290322580644,825.5774193548388
FLAKKEBJERG,152,193.2483870967742,839.2935483870967
FLAKKEBJERG,153,193.80322580645162,853.1
FLAKKEBJERG,154,195.29354838709676,867.7161290322581
FLAKKEBJERG,155,196.20322580645163,881.9032258064516
FLAKKEBJERG,156,196.7774193548387,896.2064516129033
FLAKKEBJERG,157,197.81612903225806,910.9451612903226
FLAKKEBJERG,158,199.63225806451612,925.2612903225806
FLAKKEBJERG,159,201.24516129032259,940.1225806451613
FLAKKEBJERG,160,203.39354838709679,955.0741935483871
FLAKKEBJERG,161,204.19032258064516,970.0870967741936
FLAKKEBJERG,162,206.1032258064516,985.2870967741935
FLAKKEBJERG,163,209.69354838709677,999.983870967742
FLAKKEBJERG,164,211.2709677419355,1014.4935483870968
FLAKKEBJERG,165,213.05483870967743,1028.8032258064516
FLAKKEBJERG,166,213.59032258064516,1042.683870967742
FLAKKEBJERG,167,215.57096774193548,1056.8451612903225
FLAKKEBJERG,168,217.7709677419355,1071.5096774193548
FLAKKEBJERG,169,218.79354838709676,1086.9322580645162
FLAKKEBJERG,170,220.57741935483872,1102.2322580645161
FLAKKEBJERG,171,222.2290322580645,1117.3096774193548
FLAKKEBJERG,172,223.34516129032258,1132.2903225806451
FLAKKEBJERG,173,225.6483870967742,1147.0129032258064
FLAKKEBJERG,174,227.80645161290323,1162
FLAKKEBJERG,175,229.8548387096774,1177.0838709677419
FLAKKEBJERG,176,231.06774193548387,1192.7096774193549
FLAKKEBJERG,177,232.74193548387098,1208.6774193548388
FLAKKEBJERG,178,236.26774193548388,1224.4161290322581
FLAKKEBJERG,179,237.90322580645162,1240.283870967742
FLAKKEBJERG,180,239.81935483870967,1256.441935483871
FLAKKEBJERG,181,243.0741935483871,1272.3677419354838
FLAKKEBJERG,182,245.44193548387096,1287.8870967741934
FLAKKEBJERG,183,247.05806451612904,1303.8032258064516
FLAKKEBJERG,184,248.79677419354837,1320.4516129032259
FLAKKEBJERG,185,251.10967741935485,1337.1774193548388
FLAKKEBJERG,186,253.01290322580644,1353.7290322580645
FLAKKEBJERG,187,255.03870967741935,1370.016129032258
FLAKKEBJERG,188,256.2903225806452,1386.5193548387097
FLAKKEBJERG,189,257.26129032258063,1403.2387096774194
FLAKKEBJERG,190,258.23870967741937,1420.1741935483872
FLAKKEBJERG,191,260.6548387096774,1436.8225806451612
FLAKKEBJERG,192,262.93548387096774,1453.4129032258065
FLAKKEBJERG,193,265.8258064516129,1470.4870967741936
FLAKKEBJERG,194,267.44193548387096,1487.4741935483871
FLAKKEBJERG,195,268.78387096774196,1504.1258064516128
FLAKKEBJERG,196,269.69354838709677,1521.383870967742
FLAKKEBJERG,197,270.4935483870968,1538.3290322580644
FLAKKEBJERG,198,271.1677419354839,1555.3354838709677
FLAKKEBJERG,199,272.21935483870965,1572.4451612903226
FLAKKEBJERG,200,273.6258064516129,1589.7032258064517
FLAKKEBJERG,201,275.1193548387097,1607.4516129032259
FLAKKEBJERG,202,276.1677419354839,1625.3645161290324
FLAKKEBJERG,203,279.3322580645161,1642.6387096774192
FLAKKEBJERG,204,282.93870967741935,1660.0483870967741
FLAKKEBJERG,205,284.0838709677419,1678.0032258064516
FLAKKEBJERG,206,287.6258064516129,1696.0774193548386
FLAKKEBJERG,207,288.9,1714.1806451612904
FLAKKEBJERG,208,289.73548387096776,1732.3290322580644
FLAKKEBJERG,209,291.64193548387095,1750.5548387096774
FLAKKEBJERG,210,293.86129032258066,1768.848387096774
FLAKKEBJERG,211,296.0741935483871,1787.1709677419356
FLAKKEBJERG,212,298.3741935483871,1805.2
FLAKKEBJERG,213,300.7741935483871,1823.0387096774193
FLAKKEBJERG,214,301.93870967741935,1841.125806451613
FLAKKEBJERG,215,303.6225806451613,1859.516129032258
FLAKKEBJERG,216,305.78387096774196,1877.5774193548386
FLAKKEBJERG,217,308.31612903225806,1895.6129032258063
FLAKKEBJERG,218,309.60322580645163,1913.7290322580645
FLAKKEBJERG,219,311.51935483870966,1931.8451612903225
FLAKKEBJERG,220,312.31935483870967,1949.9483870967742
FLAKKEBJERG,221,314.48709677419356,1967.8451612903225
FLAKKEBJERG,222,315.7741935483871,1985.5258064516129
FLAKKEBJERG,223,317.7774193548387,2003.0483870967741
FLAKKEBJERG,224,321.10322580645163,2020.467741935484
FLAKKEBJERG,225,324.241935483871,2037.7387096774194
FLAKKEBJERG,226,325.7129032258065,2054.858064516129
FLAKKEBJERG,227,331.51612903225805,2072.68064516129
FLAKKEBJERG,228,333.21612903225804,2090.4806451612903
FLAKKEBJERG,229,335.0806451612903,2107.6935483870966
FLAKKEBJERG,230,337.26774193548385,2124.9032258064517
FLAKKEBJERG,231,339.28709677419357,2142.4064516129033
FLAKKEBJERG,232,340.7935483870968,2160.506451612903
FLAKKEBJERG,233,341.39354838709676,2178.2096774193546
FLAKKEBJERG,234,342.741935483871,2195.622580645161
FLAKKEBJERG,235,343.9935483870968,2212.5967741935483
FLAKKEBJERG,236,346.2967741935484,2229.3290322580647
FLAKKEBJERG,237,348.2225806451613,2246.1387096774192
FLAKKEBJERG,238,350.4225806451613,2262.925806451613
FLAKKEBJERG,239,355.258064516129,2279.4548387096775
FLAKKEBJERG,240,357.0064516129032,2295.3129032258066
FLAKKEBJERG,241,358.19354838709677,2310.9451612903226
FLAKKEBJERG,242,361.5838709677419,2326.2451612903224
FLAKKEBJERG,243,364.03548387096777,2341.7290322580648
FLAKKEBJERG,244,365.59032258064514,2357.1709677419353
FLAKKEBJERG,245,367.97741935483873,2372.267741935484
FLAKKEBJERG,246,370.3354838709677,2387.4193548387098
FLAKKEBJERG,247,372.6741935483871,2402.5451612903225
FLAKKEBJERG,248,375.4548387096774,2417.7451612903224
FLAKKEBJERG,249,377.3806451612903,2433.132258064516
FLAKKEBJERG,250,379.2451612903226,2448.548387096774
FLAKKEBJERG,251,381.041935483871,2464.164516129032
FLAKKEBJERG,252,383.51612903225805,2479.5032258064516
FLAKKEBJERG,253,387.80645161290323,2494.383870967742
FLAKKEBJERG,254,390.09354838709675,2509.4
FLAKKEBJERG,255,391.2741935483871,2524.064516129032
FLAKKEBJERG,256,394.13870967741934,2538.335483870968
FLAKKEBJERG,257,397.68387096774194,2552.435483870968
FLAKKEBJERG,258,400.65806451612906,2566.196774193548
FLAKKEBJERG,259,402.78709677419357,2579.6838709677418
FLAKKEBJERG,260,403.9290322580645,2593.2290322580643
FLAKKEBJERG,261,404.6161290322581,2606.474193548387
FLAKKEBJERG,262,405.5483870967742,2619.458064516129
FLAKKEBJERG,263,406.3032258064516,2632.6354838709676
FLAKKEBJERG,264,407.5451612903226,2645.9129032258065
FLAKKEBJERG,265,408.8709677419355,2659.1838709677418
FLAKKEBJERG,266,410.4516129032258,2672.016129032258
FLAKKEBJERG,267,410.97741935483873,2685.064516129032
FLAKKEBJERG,268,411.78387096774196,2698.064516129032
FLAKKEBJERG,269,413.2935483870968,2710.958064516129
FLAKKEBJERG,270,415.8290322580645,2723.567741935484
FLAKKEBJERG,271,417.78709677419357,2736.1290322580644
FLAKKEBJERG,272,419.9225806451613,2748.409677419355
FLAKKEBJERG,273,422.0032258064516,2760.558064516129
FLAKKEBJERG,274,423.9483870967742,2772.3
FLAKKEBJERG,275,426.2,2783.9129032258065
FLAKKEBJERG,276,427.8483870967742,2795.648387096774
FLAKKEBJERG,277,429.6677419354839,2807.3451612903227
FLAKKEBJERG,278,431.09354838709675,2818.9032258064517
FLAKKEBJERG,279,433.09677419354836,2830.0709677419354
FLAKKEBJERG,280,435.2935483870968,2840.851612903226
FLAKKEBJERG,281,436.73870967741937,2851.5129032258064
FLAKKEBJERG,282,439.4032258064516,2862.2967741935486
FLAKKEBJERG,283,441.06774193548387,2872.7096774193546
FLAKKEBJERG,284,443.83870967741933,2883.3806451612904
FLAKKEBJERG,285,445.2032258064516,2893.441935483871
FLAKKEBJERG,286,446.94193548387096,2903.2161290322583
FLAKKEBJERG,287,449.31290322580645,2912.974193548387
FLAKKEBJERG,288,451.4612903225806,2922.3064516129034
FLAKKEBJERG,289,452.2774193548387,2931.3064516129034
FLAKKEBJERG,290,454.3806451612903,2940.425806451613
FLAKKEBJERG,291,456.81290322580645,2949.222580645161
FLAKKEBJERG,292,459.5387096774194,2957.983870967742
FLAKKEBJERG,293,461.2774193548387,2966.625806451613
FLAKKEBJERG,294,462.99032258064517,2975.3903225806453
FLAKKEBJERG,295,465.39032258064515,2984.7580645161293
FLAKKEBJERG,296,466.76129032258063,2994.0548387096774
FLAKKEBJERG,297,469.0322580645161,3002.7709677419352
FLAKKEBJERG,298,471.3774193548387,3012.1548387096773
FLAKKEBJERG,299,473.69354838709677,3021.3967741935485
FLAKKEBJERG,300,474.8774193548387,3029.9806451612903
FLAKKEBJERG,301,476.9483870967742,3038.532258064516
FLAKKEBJERG,302,479.5387096774194,3046.6451612903224
FLAKKEBJERG,303,480.9129032258065,3054.7516129032256
FLAKKEBJERG,304,483.6677419354839,3063.0290322580645
FLAKKEBJERG,305,485.31290322580645,3071.261290322581
FLAKKEBJERG,306,487.1612903225806,3079.1032258064515
FLAKKEBJERG,307,488.73548387096776,3086.8322580645163
FLAKKEBJERG,308,489.9290322580645,3094.2096774193546
FLAKKEBJERG,309,492.10645161290324,3101.4483870967742
FLAKKEBJERG,310,494.6709677419355,3108.867741935484
FLAKKEBJERG,311,496.10967741935485,3115.990322580645
FLAKKEBJERG,312,496.9225806451613,3122.932258064516
FLAKKEBJERG,313,499.1225806451613,3129.4806451612903
FLAKKEBJERG,314,500.85806451612905,3136.1129032258063
FLAKKEBJERG,315,502.02258064516127,3142.6129032258063
FLAKKEBJERG,316,504.34193548387094,3148.990322580645
FLAKKEBJERG,317,506.5032258064516,3154.8064516129034
FLAKKEBJERG,318,509.44193548387096,3160.809677419355
FLAKKEBJERG,319,511.3290322580645,3166.809677419355
FLAKKEBJERG,320,513.141935483871,3172.941935483871
FLAKKEBJERG,321,514.5387096774193,3178.241935483871
FLAKKEBJERG,322,516.1709677419354,3183.358064516129
FLAKKEBJERG,323,518.2387096774194,3188.2709677419357
FLAKKEBJERG,324,520.4096774193548,3192.493548387097
FLAKKEBJERG,325,521.7483870967742,3196.483870967742
FLAKKEBJERG,326,523.916129032258,3200.564516129032
FLAKKEBJERG,327,525.7096774193549,3205.435483870968
FLAKKEBJERG,328,527.2387096774194,3209.993548387097
FLAKKEBJERG,329,528.1096774193549,3214.190322580645
FLAKKEBJERG,330,529.0516129032258,3218.293548387097
FLAKKEBJERG,331,530.5354838709677,3222.641935483871
FLAKKEBJERG,332,531.6870967741935,3226.9
FLAKKEBJERG,333,532.8096774193548,3230.4451612903226
FLAKKEBJERG,334,533.9354838709677,3233.941935483871
FLAKKEBJERG,335,535.7774193548387,3237.2741935483873
FLAKKEBJERG,336,536.9645161290323,3240.222580645161
FLAKKEBJERG,337,539.4903225806452,3243.7741935483873
FLAKKEBJERG,338,541.0774193548388,3247.1838709677418
FLAKKEBJERG,339,542.9935483870968,3251.1935483870966
FLAKKEBJERG,340,544.6645161290322,3255.3322580645163
FLAKKEBJERG,341,546.7258064516129,3259.216129032258
FLAKKEBJERG,342,548.1129032258065,3263.0870967741935
FLAKKEBJERG,343,549.8677419354839,3266.916129032258
FLAKKEBJERG,344,551.1774193548387,3270.335483870968
FLAKKEBJERG,345,553.4096774193548,3274.1096774193547
FLAKKEBJERG,346,555.9,3277.2451612903224
FLAKKEBJERG,347,557.2354838709678,3280.1516129032257
FLAKKEBJERG,348,559.1935483870968,3282.9870967741936
FLAKKEBJERG,349,560.358064516129,3285.874193548387
FLAKKEBJERG,350,561.5903225806452,3288.6290322580644
FLAKKEBJERG,351,562.825806451613,3291.7032258064514
FLAKKEBJERG,352,563.7451612903226,3294.7419354838707
FLAKKEBJERG,353,564.516129032258,3298.006451612903
FLAKKEBJERG,354,566.2193548387097,3300.8612903225808
FLAKKEBJERG,355,568.0516129032258,3303.725806451613
FLAKKEBJERG,356,568.7161290322581,3306.2032258064514
FLAKKEBJERG,357,570.2225806451613,3308.9612903225807
FLAKKEBJERG,358,571.8290322580646,3311.874193548387
FLAKKEBJERG,359,574.2806451612903,3315.206451612903
FLAKKEBJERG,360,577.8096774193548,3318.245161290323
FLAKKEBJERG,361,579.858064516129,3321.0032258064516
FLAKKEBJERG,362,582.2709677419355,3323.7870967741937
FLAKKEBJERG,363,583.9548387096775,3326.4193548387098
FLAKKEBJERG,364,585.5806451612904,3329.0451612903225
FLAKKEBJERG,365,587.7903225806451,3331.9612903225807
FLAKKEBJERG,366,NA,3309
