station;date;minte;maxte;temp;prec;tsum5;tsum0
613500;01/01/2024;4,8;6;5,4;6,1;0,4;5,4
613500;02/01/2024;3,5;6,1;4,6;5,6;0,4;10
613500;03/01/2024;0;3,6;2;21,1;0,4;12
613500;04/01/2024;-8,6;0,2;-3,6;4;0,4;12
613500;05/01/2024;-9;-3,5;-6,6;0;0,4;12
613500;06/01/2024;-7,2;-3,3;-5;0;0,4;12
613500;07/01/2024;-9,5;-4,6;-6,9;0;0,4;12
613500;08/01/2024;-10,3;-3,1;-6,2;0;0,4;12
613500;09/01/2024;-9,3;-0,5;-3,5;0;0,4;12
613500;10/01/2024;-0,8;0,7;0,2;0;0,4;12,2
613500;11/01/2024;-3,6;1,7;0,3;0;0,4;12,5
613500;12/01/2024;-6,3;0,5;-2;0;0,4;12,5
613500;13/01/2024;0,4;4,7;2,6;0,9;0,4;15,1
613500;14/01/2024;0,6;3,7;2,2;0,5;0,4;17,3
613500;15/01/2024;-6;1,3;-1,5;0,7;0,4;17,3
613500;16/01/2024;-6,5;0,8;-2,8;0,2;0,4;17,3
613500;17/01/2024;-4,5;0,7;-0,8;1,2;0,4;17,3
613500;18/01/2024;-7,9;0,5;-2;0;0,4;17,3
613500;19/01/2024;-1,5;3,4;0,8;2,7;0,4;18,1
613500;20/01/2024;1,1;4,5;3,4;1,5;0,4;21,5
613500;21/01/2024;0,6;3,5;2;0,1;0,4;23,5
613500;22/01/2024;3;8,5;5,9;4,1;1,3;29,4
613500;23/01/2024;3,7;7,6;5,4;3,2;1,7;34,8
613500;24/01/2024;3,7;9;7,1;7;3,8;41,9
613500;25/01/2024;1,6;6,9;5;0;3,8;46,9
613500;26/01/2024;2,6;7,9;4,6;11,7;3,8;51,5
613500;27/01/2024;3,4;6;5,1;0;3,9;56,6
613500;28/01/2024;1;5,5;3,4;0;3,9;60
613500;29/01/2024;1,5;6,6;3,4;0;3,9;63,4
613500;30/01/2024;3,8;7,2;5,3;0,1;4,2;68,7
613500;31/01/2024;2,5;6,2;4,5;0,6;4,2;73,2
613500;01/02/2024;3,7;6,6;4,8;0,4;4,2;78
613500;02/02/2024;3,3;7,5;5,5;3,5;4,7;83,5
613500;03/02/2024;4,5;9;7;0;6,7;90,5
613500;04/02/2024;4,3;7,4;6,2;0;7,9;96,7
613500;05/02/2024;4,9;6,9;5,9;19,3;8,8;102,6
613500;06/02/2024;3,9;7,9;6,5;21,1;10,3;109,1
613500;07/02/2024;-0,8;4,8;2;4,7;10,3;111,1
613500;08/02/2024;-1,6;4,1;1;0,9;10,3;112,1
613500;09/02/2024;-0,5;1,2;0,3;8;10,3;112,4
613500;10/02/2024;0,5;2,4;1,7;0;10,3;114,1
613500;11/02/2024;1,3;3;2,1;3;10,3;116,2
613500;12/02/2024;1,6;4,8;2,5;14,1;10,3;118,7
613500;13/02/2024;2,7;6,6;4,5;0,1;10,3;123,2
613500;14/02/2024;3,6;5,3;4,6;1,3;10,3;127,8
613500;15/02/2024;4,8;9,9;7,6;1;12,9;135,4
613500;16/02/2024;5,8;10,6;8,9;1;16,8;144,3
613500;17/02/2024;-1,4;6,4;4,2;0;16,8;148,5
613500;18/02/2024;-1,3;6,4;4;25,9;16,8;152,5
613500;19/02/2024;3,3;8,6;5,9;3,1;17,7;158,4
613500;20/02/2024;5,6;9;6,8;1,2;19,5;165,2
613500;21/02/2024;5,5;8,9;6,9;1,3;21,4;172,1
613500;22/02/2024;5,6;8,5;6,9;6,3;23,3;179
613500;23/02/2024;3,4;9,7;6,2;3,3;24,5;185,2
613500;24/02/2024;3,3;7,9;5,1;2;24,6;190,3
613500;25/02/2024;2,3;5,8;4,1;2,2;24,6;194,4
613500;26/02/2024;1,1;8;3,9;0;24,6;198,3
613500;27/02/2024;0,8;4,5;2,8;0;24,6;201,1
613500;28/02/2024;2,2;5;3,5;0,1;24,6;204,6
613500;29/02/2024;3,5;8,1;5,7;0;25,3;210,3
613500;01/03/2024;3,2;8,5;5,7;0;26;216
613500;02/03/2024;4,5;10,5;7,1;0,1;28,1;223,1
613500;03/03/2024;4,3;8,8;6,6;0,5;29,7;229,7
613500;04/03/2024;2,3;8,5;5,2;0;29,9;234,9
613500;05/03/2024;0,6;5,2;2,6;0,2;29,9;237,5
613500;06/03/2024;0,3;6,2;3,3;0;29,9;240,8
613500;07/03/2024;-1,1;3,6;1,1;0;29,9;241,9
613500;08/03/2024;-2,5;6,9;0,8;0;29,9;242,7
613500;09/03/2024;-0,1;4,8;1,8;0;29,9;244,5
613500;10/03/2024;0,9;5,4;2,8;0,5;29,9;247,3
613500;11/03/2024;2,6;6,3;3,8;0;29,9;251,1
613500;12/03/2024;2,7;5,6;3,8;0;29,9;254,9
613500;13/03/2024;3,3;10,3;6,7;0;31,6;261,6
613500;14/03/2024;7;10,8;8,7;0,1;35,3;270,3
613500;15/03/2024;6,9;11,6;9,3;1,6;39,6;279,6
613500;16/03/2024;2,9;9,6;7,2;0,2;41,8;286,8
613500;17/03/2024;-1,2;6,5;2,7;0;41,8;289,5
613500;18/03/2024;-1,5;5,9;1,4;0;41,8;290,9
613500;19/03/2024;-0,7;6,5;3,6;0;41,8;294,5
613500;20/03/2024;5,1;10;6,9;0,5;43,7;301,4
613500;21/03/2024;5,4;9,6;7,1;8,5;45,8;308,5
613500;22/03/2024;4,3;10,3;7,3;1,1;48,1;315,8
613500;23/03/2024;3,6;8,9;5,6;0,8;48,7;321,4
613500;24/03/2024;3,5;7,5;5,3;2,6;49;326,7
613500;25/03/2024;2,2;7,8;5,3;1,3;49,3;332
613500;26/03/2024;0,5;10,1;5,5;0;49,8;337,5
613500;27/03/2024;5,1;13,1;8,5;0;53,3;346
613500;28/03/2024;5,1;12,1;7,5;7,7;55,8;353,5
613500;29/03/2024;4,1;9,3;6,9;0,8;57,7;360,4
613500;30/03/2024;4;12,9;8,4;0,2;61,1;368,8
613500;31/03/2024;4,3;10,3;7,4;0;63,5;376,2
613500;01/04/2024;3,8;8,9;6,8;12,3;65,3;383
613500;02/04/2024;2,4;7,5;5,2;19,9;65,5;388,2
613500;03/04/2024;1,1;5,4;2,7;0,2;65,5;390,9
613500;04/04/2024;3;11;6,8;12,5;67,3;397,7
613500;05/04/2024;6;12,1;8,9;8,9;71,2;406,6
613500;06/04/2024;8,2;16,9;12,4;0;78,6;419
613500;07/04/2024;11,2;16,2;13,5;1,2;87,1;432,5
613500;08/04/2024;10,6;16,7;13,2;0,3;95,3;445,7
613500;09/04/2024;9,7;18,3;11,8;1;102,1;457,5
613500;10/04/2024;5,8;12;9,2;0;106,3;466,7
613500;11/04/2024;5,6;12,4;9,7;1,4;111;476,4
613500;12/04/2024;8,7;12,8;10,8;0,1;116,8;487,2
613500;13/04/2024;7,7;15;11,3;0;123,1;498,5
613500;14/04/2024;5,7;12,8;9,3;0;127,4;507,8
613500;15/04/2024;4;10,9;7,3;1,8;129,7;515,1
613500;16/04/2024;3,1;11,3;7,2;11,3;131,9;522,3
613500;17/04/2024;1,9;10,4;5,9;0,3;132,8;528,2
613500;18/04/2024;-0,7;10,3;5,7;0;133,5;533,9
613500;19/04/2024;4,2;6,2;5,1;4,3;133,6;539
613500;20/04/2024;0,3;8,2;4,6;0;133,6;543,6
613500;21/04/2024;0,1;8,9;4,5;0;133,6;548,1
613500;22/04/2024;-0,8;5,2;2,4;0;133,6;550,5
613500;23/04/2024;-2,4;8,2;3,1;8,1;133,6;553,6
613500;24/04/2024;3,5;8,3;5,3;3,3;133,9;558,9
613500;25/04/2024;3,2;8,5;5;12,6;133,9;563,9
613500;26/04/2024;2,6;8,1;5,4;12,3;134,3;569,3
613500;27/04/2024;0,4;15,1;7,7;0;137;577
613500;28/04/2024;7,5;19,6;14,1;0;146,1;591,1
613500;29/04/2024;6,9;16,5;12,3;0;153,4;603,4
613500;30/04/2024;9,3;19,3;14;0;162,4;617,4
613500;01/05/2024;10,5;22,3;15,6;0;173;633
613500;02/05/2024;11,7;21;15,9;0;183,9;648,9
613500;03/05/2024;10,5;20;15,4;0;194,3;664,3
613500;04/05/2024;8,6;16,1;12,3;0,8;201,6;676,6
613500;05/05/2024;7,9;16,2;11,4;3,8;208;688
613500;06/05/2024;9;14,2;11,3;1,8;214,3;699,3
613500;07/05/2024;7,3;15,6;11,3;0,2;220,6;710,6
613500;08/05/2024;4,7;17,2;11,3;0;226,9;721,9
613500;09/05/2024;5,6;16,5;11,7;0;233,6;733,6
613500;10/05/2024;9,7;16,8;12,5;0,2;241,1;746,1
613500;11/05/2024;7;19,4;13,2;0;249,3;759,3
613500;12/05/2024;6;17,8;12;0;256,3;771,3
613500;13/05/2024;5,6;19,6;13,1;0;264,4;784,4
613500;14/05/2024;7,8;21;14,9;0;274,3;799,3
613500;15/05/2024;9,5;22,8;16,3;0;285,6;815,6
613500;16/05/2024;10,6;20,3;15,8;0;296,4;831,4
613500;17/05/2024;11,4;21,2;15,8;0;307,2;847,2
613500;18/05/2024;9,4;22,9;16,5;0;318,7;863,7
613500;19/05/2024;10,1;23,1;16,9;0;330,6;880,6
613500;20/05/2024;9,5;22,8;16,8;0;342,4;897,4
613500;21/05/2024;11,2;21,7;16,3;0;353,7;913,7
613500;22/05/2024;13;24,9;18,5;0;367,2;932,2
613500;23/05/2024;12,1;16;14,5;17,9;376,7;946,7
613500;24/05/2024;9,8;19,1;15;0;386,7;961,7
613500;25/05/2024;11,4;20,4;15,4;0;397,1;977,1
613500;26/05/2024;11,8;22;16,7;0,7;408,8;993,8
613500;27/05/2024;12,5;20,1;16,7;0,3;420,5;1010,5
613500;28/05/2024;10,8;17,7;14;6,3;429,5;1024,5
613500;29/05/2024;10,5;16,4;14;5,4;438,5;1038,5
613500;30/05/2024;12,3;19,2;15,5;3,4;449;1054
613500;31/05/2024;14,1;21,9;17,1;8,4;461,1;1071,1
613500;01/06/2024;12,5;24,5;19,3;0;475,4;1090,4
613500;02/06/2024;14,5;22,4;18;0;488,4;1108,4
613500;03/06/2024;11,5;17,2;14,3;0;497,7;1122,7
613500;04/06/2024;8,7;17,9;14;1,3;506,7;1136,7
613500;05/06/2024;8,2;17,3;14,1;1,3;515,8;1150,8
613500;06/06/2024;7,1;14;10,5;2,1;521,3;1161,3
613500;07/06/2024;5,9;15,8;11,5;1,8;527,8;1172,8
613500;08/06/2024;7,2;17,5;11,9;9,5;534,7;1184,7
613500;09/06/2024;7,8;13,8;10,8;2,2;540,5;1195,5
613500;10/06/2024;9,4;16,7;12,8;0;548,3;1208,3
613500;11/06/2024;10;14,8;12,3;1,6;555,6;1220,6
613500;12/06/2024;8,6;15,6;12;1,3;562,6;1232,6
613500;13/06/2024;8,3;15,2;11,4;0;569;1244
613500;14/06/2024;9;20;15,3;0;579,3;1259,3
613500;15/06/2024;10,7;17,3;14,1;15,2;588,4;1273,4
613500;16/06/2024;12,6;20;15,7;3,1;599,1;1289,1
613500;17/06/2024;11,5;19,3;15,7;0,1;609,8;1304,8
613500;18/06/2024;10,3;19,6;15,4;0;620,2;1320,2
613500;19/06/2024;10,1;18,4;14,1;0;629,3;1334,3
613500;20/06/2024;9;18,5;13,9;0;638,2;1348,2
613500;21/06/2024;9,3;21,5;15,7;5,2;648,9;1363,9
613500;22/06/2024;13,9;16,4;14,8;0,9;658,7;1378,7
613500;23/06/2024;11,6;20,1;15,5;0;669,2;1394,2
613500;24/06/2024;10,4;21,5;16,1;0;680,3;1410,3
613500;25/06/2024;9,4;23,6;17,6;0;692,9;1427,9
613500;26/06/2024;12,2;26,1;19,9;0;707,8;1447,8
613500;27/06/2024;14,5;28,9;21,9;0;724,7;1469,7
613500;28/06/2024;14,8;23,6;19,5;2,8;739,2;1489,2
613500;29/06/2024;12,4;21,9;17,5;0;751,7;1506,7
613500;30/06/2024;12,8;17,1;15,4;11,8;762,1;1522,1
613500;01/07/2024;11,5;18,7;15,2;2,8;772,3;1537,3
613500;02/07/2024;11,7;17,4;14,1;0,1;781,4;1551,4
613500;03/07/2024;10,4;18,7;14,6;1,3;791;1566
613500;04/07/2024;10,7;18,1;13,5;11,7;799,5;1579,5
613500;05/07/2024;9,9;18;13,9;10,5;808,4;1593,4
613500;06/07/2024;10,5;24,5;16,7;16,9;820,1;1610,1
613500;07/07/2024;12,7;18,9;15,4;0,2;830,5;1625,5
613500;08/07/2024;10,7;20,3;16,1;0,2;841,6;1641,6
613500;09/07/2024;8;22;15,7;0;852,3;1657,3
613500;10/07/2024;15,1;23,2;19,8;2,4;867,1;1677,1
613500;11/07/2024;14;22,8;18,6;2,2;880,7;1695,7
613500;12/07/2024;12;23,3;18,2;0;893,9;1713,9
613500;13/07/2024;13,8;19,2;16,4;1,4;905,3;1730,3
613500;14/07/2024;14;21,1;16,9;2,9;917,2;1747,2
613500;15/07/2024;12,6;21,5;17,4;0;929,6;1764,6
613500;16/07/2024;11,6;20,7;16,4;3,2;941;1781
613500;17/07/2024;14,1;22,1;17,7;4;953,7;1798,7
613500;18/07/2024;11,9;21,1;16,7;0;965,4;1815,4
613500;19/07/2024;8,3;24,3;17,6;0;978;1833
613500;20/07/2024;10,9;25,8;19,4;0;992,4;1852,4
613500;21/07/2024;12,8;27,6;20,5;0;1007,9;1872,9
613500;22/07/2024;13;19,9;17,7;15,3;1020,6;1890,6
613500;23/07/2024;10,4;22,3;16,6;7,5;1032,2;1907,2
613500;24/07/2024;12,8;21,6;17,1;0;1044,3;1924,3
613500;25/07/2024;14;21,1;17,1;0;1056,4;1941,4
613500;26/07/2024;16;20,4;17,5;6,9;1068,9;1958,9
613500;27/07/2024;12,2;23;17,7;0;1081,6;1976,6
613500;28/07/2024;13,4;22,3;17,7;0;1094,3;1994,3
613500;29/07/2024;12,2;22,2;17,7;0;1107;2012
613500;30/07/2024;9,6;24,2;17,7;0;1119,7;2029,7
613500;31/07/2024;10,5;21,7;16,9;0;1131,6;2046,6
613500;01/08/2024;9,1;21,3;15,8;0;1142,4;2062,4
613500;02/08/2024;10,3;22;16,8;0;1154,2;2079,2
613500;03/08/2024;14,5;23,4;18,9;0,5;1168,1;2098,1
613500;04/08/2024;14,3;21,7;18,1;5,2;1181,2;2116,2
613500;05/08/2024;11,7;22,7;17,3;0;1193,5;2133,5
613500;06/08/2024;10,7;24,6;18,6;0;1207,1;2152,1
613500;07/08/2024;15,9;26,5;20,8;3,8;1222,9;2172,9
613500;08/08/2024;13,9;22,9;18,4;0,1;1236,3;2191,3
613500;09/08/2024;12,5;21,9;17,7;5,2;1249;2209
613500;10/08/2024;15,6;22,9;18,8;0;1262,8;2227,8
613500;11/08/2024;13,2;21,9;17,9;0;1275,7;2245,7
613500;12/08/2024;10,8;22,1;16,4;0;1287,1;2262,1
613500;13/08/2024;11,2;24,9;18,5;0;1300,6;2280,6
613500;14/08/2024;16,2;28,1;21,7;0;1317,3;2302,3
613500;15/08/2024;15,3;24,8;20;0;1332,3;2322,3
613500;16/08/2024;13,7;21;18,8;1,3;1346,1;2341,1
613500;17/08/2024;9,7;20,1;15,8;0;1356,9;2356,9
613500;18/08/2024;7,2;20,4;14,9;0;1366,8;2371,8
613500;19/08/2024;9,9;21,1;15,8;0;1377,6;2387,6
613500;20/08/2024;10,8;23,9;18,1;0;1390,7;2405,7
613500;21/08/2024;14,3;20,2;16,9;3,6;1402,6;2422,6
613500;22/08/2024;13,2;19,1;16,4;0,8;1414;2439
613500;23/08/2024;14,9;21,2;18,4;1;1427,4;2457,4
613500;24/08/2024;10,8;26,2;19,3;0;1441,7;2476,7
613500;25/08/2024;12,2;21,8;17,2;5,9;1453,9;2493,9
613500;26/08/2024;12,8;20,7;16,9;0;1465,8;2510,8
613500;27/08/2024;12,7;22,9;18;0;1478,8;2528,8
613500;28/08/2024;13,9;26,7;20,1;0;1493,9;2548,9
613500;29/08/2024;18;29,2;22,9;1,8;1511,8;2571,8
613500;30/08/2024;13,3;20,9;17,4;0;1524,2;2589,2
613500;31/08/2024;10,3;19,8;15,1;0;1534,3;2604,3
613500;01/09/2024;7,8;21,3;14,7;0;1544;2619
613500;02/09/2024;9,7;22,8;16,4;0;1555,4;2635,4
613500;03/09/2024;14,5;27;20,5;2,2;1570,9;2655,9
613500;04/09/2024;16,9;25,9;20,9;2,3;1586,8;2676,8
613500;05/09/2024;17,8;27,9;22,1;0;1603,9;2698,9
613500;06/09/2024;17,9;27,1;21,6;0;1620,5;2720,5
613500;07/09/2024;17,1;27,2;21,1;0;1636,6;2741,6
613500;08/09/2024;17,4;29,1;22,4;0;1654;2764
613500;09/09/2024;16,2;19,7;17,6;22,8;1666,6;2781,6
613500;10/09/2024;12,7;17,2;15,1;1,2;1676,7;2796,7
613500;11/09/2024;9,8;15,1;12,4;8,2;1684,1;2809,1
613500;12/09/2024;7;14,8;11,1;2,3;1690,2;2820,2
613500;13/09/2024;5,9;15,4;11,4;0;1696,6;2831,6
613500;14/09/2024;9,8;16,6;12,7;0;1704,3;2844,3
613500;15/09/2024;6,4;17,4;11,9;0;1711,2;2856,2
613500;16/09/2024;4,6;19,9;11,9;0;1718,1;2868,1
613500;17/09/2024;9,4;20,9;14,9;0;1728;2883
613500;18/09/2024;10,2;21,4;14,6;0;1737,6;2897,6
613500;19/09/2024;9,6;20,1;14,9;0;1747,5;2912,5
613500;20/09/2024;12,8;22,2;16,9;0;1759,4;2929,4
613500;21/09/2024;12,1;22,6;16;0;1770,4;2945,4
613500;22/09/2024;11,2;22,9;16,3;0;1781,7;2961,7
613500;23/09/2024;12;23;16,6;0;1793,3;2978,3
613500;24/09/2024;14,1;17,8;15,7;2,9;1804;2994
613500;25/09/2024;11,4;15,5;14,1;5,3;1813,1;3008,1
613500;26/09/2024;9;16,8;13,5;16,5;1821,6;3021,6
613500;27/09/2024;11,2;15,4;14,1;5,9;1830,7;3035,7
613500;28/09/2024;8,7;12,6;10,6;0,1;1836,3;3046,3
613500;29/09/2024;6,1;14,1;10;0;1841,3;3056,3
613500;30/09/2024;5,5;14,5;10,4;0;1846,7;3066,7
613500;01/10/2024;9,4;13,4;11,5;0;1853,2;3078,2
613500;02/10/2024;6,2;14;9,5;0;1857,7;3087,7
613500;03/10/2024;5,1;14,3;9,6;0;1862,3;3097,3
613500;04/10/2024;2,5;15,6;8,6;0;1865,9;3105,9
613500;05/10/2024;1,7;16;7,7;0;1868,6;3113,6
613500;06/10/2024;1,7;14,7;8,3;0,1;1871,9;3121,9
613500;07/10/2024;9,1;12,1;10,8;1,1;1877,7;3132,7
613500;08/10/2024;8,3;14,9;12,4;5,1;1885,1;3145,1
613500;09/10/2024;11,6;14,5;13;9,1;1893,1;3158,1
613500;10/10/2024;8,7;13,8;11,8;14,5;1899,9;3169,9
613500;11/10/2024;7;12,4;9,5;0,2;1904,4;3179,4
613500;12/10/2024;6,5;12,2;9,9;0;1909,3;3189,3
613500;13/10/2024;8,4;12,1;10;4,5;1914,3;3199,3
613500;14/10/2024;5,5;11,4;9,8;2,6;1919,1;3209,1
613500;15/10/2024;3,6;13,1;7,8;0;1921,9;3216,9
613500;16/10/2024;4,2;12,3;8,6;0;1925,5;3225,5
613500;17/10/2024;8,7;12,9;10,8;0,2;1931,3;3236,3
613500;18/10/2024;10,3;15,7;12,7;0;1939;3249
613500;19/10/2024;8,3;14,2;11,9;0;1945,9;3260,9
613500;20/10/2024;11,6;15,9;13,9;0,2;1954,8;3274,8
613500;21/10/2024;11,7;15,1;13,9;0;1963,7;3288,7
613500;22/10/2024;8,7;14,5;11,8;10,2;1970,5;3300,5
613500;23/10/2024;8,1;14,5;11;0;1976,5;3311,5
613500;24/10/2024;5,8;10,1;8,5;0;1980;3320
613500;25/10/2024;8,1;13,7;10,6;0;1985,6;3330,6
613500;26/10/2024;7;14,8;11,1;0;1991,7;3341,7
613500;27/10/2024;7,1;12,8;10,8;1,8;1997,5;3352,5
613500;28/10/2024;5,7;12,4;10,4;4,3;2002,9;3362,9
613500;29/10/2024;11,5;13,9;12,6;1,2;2010,5;3375,5
613500;30/10/2024;8,2;12,7;11;0;2016,5;3386,5
613500;31/10/2024;7,8;12,9;11,3;0;2022,8;3397,8
613500;01/11/2024;12,2;13,2;12,6;0;2030,4;3410,4
613500;02/11/2024;1,5;9,6;5,4;0;2030,8;3415,8
613500;03/11/2024;2,8;12;9,3;0;2035,1;3425,1
613500;04/11/2024;8,8;11,2;10;0;2040,1;3435,1
613500;05/11/2024;7,6;9,8;9;0;2044,1;3444,1
613500;06/11/2024;6,8;8,4;7,6;0;2046,7;3451,7
613500;07/11/2024;6,6;10,1;8,6;0;2050,3;3460,3
613500;08/11/2024;6,2;10,2;8,3;0,1;2053,6;3468,6
613500;09/11/2024;4,9;6,6;5,6;0;2054,2;3474,2
613500;10/11/2024;4,1;8,1;5,7;0;2054,9;3479,9
613500;11/11/2024;7;9;8,2;0,1;2058,1;3488,1
613500;12/11/2024;4,9;9;7;0,2;2060,1;3495,1
613500;13/11/2024;4,2;9,7;7,3;0,3;2062,4;3502,4
613500;14/11/2024;2,7;10,4;7,4;0;2064,8;3509,8
613500;15/11/2024;3,1;11,5;8,8;0;2068,6;3518,6
613500;16/11/2024;6,9;10,2;9,2;1,4;2072,8;3527,8
613500;17/11/2024;3,9;8,2;6,3;0;2074,1;3534,1
613500;18/11/2024;2,8;7,1;4,8;0,8;2074,1;3538,9
613500;19/11/2024;-0,3;3,2;1,7;3,9;2074,1;3540,6
613500;20/11/2024;-1,1;3,8;0,7;0,7;2074,1;3541,3
613500;21/11/2024;-5,4;1,5;-0,7;4,8;2074,1;3541,3
613500;22/11/2024;-6,1;1,9;-2;8;2074,1;3541,3
613500;23/11/2024;-0,9;4,5;2,6;3,2;2074,1;3543,9
613500;24/11/2024;2,4;13,1;8;7,6;2077,1;3551,9
613500;25/11/2024;8,5;13;11,3;0,9;2083,4;3563,2
613500;26/11/2024;5,9;9,2;7,7;0;2086,1;3570,9
613500;27/11/2024;4,1;7,5;5,7;8,3;2086,8;3576,6
613500;28/11/2024;4;6,2;5,3;8,1;2087,1;3581,9
613500;29/11/2024;3,2;5,1;4,2;0;2087,1;3586,1
613500;30/11/2024;2,3;5,2;3,8;0,2;2087,1;3589,9
613500;01/12/2024;1,7;5,6;3,6;0;2087,1;3593,5
613500;02/12/2024;3,1;8;6,3;0,8;2088,4;3599,8
613500;03/12/2024;3,8;8,2;6,1;0,1;2089,5;3605,9
613500;04/12/2024;-0,9;4,4;2,8;0;2089,5;3608,7
613500;05/12/2024;-1,4;4,9;2,6;0,9;2089,5;3611,3
613500;06/12/2024;2,2;4,1;3,4;1,1;2089,5;3614,7
613500;07/12/2024;3,3;5,4;4,4;3,6;2089,5;3619,1
613500;08/12/2024;3,6;6,5;5,2;2,8;2089,7;3624,3
613500;09/12/2024;2,8;4,8;3,8;0;2089,7;3628,1
613500;10/12/2024;-0,7;3,5;1,8;0;2089,7;3629,9
613500;11/12/2024;-0,3;4,1;2,1;0,2;2089,7;3632
613500;12/12/2024;1,6;4,2;2,8;0;2089,7;3634,8
613500;13/12/2024;1;3,6;2,6;0;2089,7;3637,4
613500;14/12/2024;-0,2;4,9;2,5;1,2;2089,7;3639,9
613500;15/12/2024;2,7;10,1;5,9;2,8;2090,6;3645,8
613500;16/12/2024;8,2;10,8;9,3;0,5;2094,9;3655,1
613500;17/12/2024;7,4;9,6;8,6;0,1;2098,5;3663,7
613500;18/12/2024;6;10,4;7,7;3,3;2101,2;3671,4
613500;19/12/2024;4,9;10,1;7,2;9,4;2103,4;3678,6
613500;20/12/2024;3,9;6;5,2;0,1;2103,6;3683,8
613500;21/12/2024;5,1;7,4;6,3;3,6;2104,9;3690,1
613500;22/12/2024;3,4;7,5;5,2;0,6;2105,1;3695,3
613500;23/12/2024;3,6;6,1;4,9;4,2;2105,1;3700,2
613500;24/12/2024;3,1;5,7;4,5;0,2;2105,1;3704,7
613500;25/12/2024;4,9;7,8;6,5;0;2106,6;3711,2
613500;26/12/2024;5,5;7,4;6,6;0;2108,2;3717,8
613500;27/12/2024;3,6;5,9;4,9;0;2108,2;3722,7
613500;28/12/2024;2,4;4,1;3,4;0;2108,2;3726,1
613500;29/12/2024;2,4;7,3;5,3;0;2108,5;3731,4
613500;30/12/2024;6,8;8,5;7,7;0,5;2111,2;3739,1
613500;31/12/2024;4,5;8,8;6,5;1,7;2112,7;3745,6
613500;01/01/2025;4,5;8,3;7,1;8,4;2,1;7,1
613500;02/01/2025;0,5;4,6;2;0,4;2,1;9,1
613500;03/01/2025;-0,4;2,2;0,9;0,5;2,1;10
613500;04/01/2025;-4,3;2,1;-0,1;0,2;2,1;10
613500;05/01/2025;-0,7;1,6;0,6;1,3;2,1;10,6
613500;06/01/2025;-0,5;9,3;4,4;14,1;2,1;15
613500;07/01/2025;0,8;5,9;4,4;3,9;2,1;19,4
613500;08/01/2025;2,4;5,3;3,8;0;2,1;23,2
613500;09/01/2025;0,1;3,5;2,3;0;2,1;25,5
613500;10/01/2025;-0,5;2;0,6;0,5;2,1;26,1
613500;11/01/2025;-0,3;2,1;0,8;0;2,1;26,9
613500;12/01/2025;-5,2;2,4;-0,2;0;2,1;26,9
613500;13/01/2025;-5,8;2,7;-0,6;0;2,1;26,9
613500;14/01/2025;2;7,1;4,5;0;2,1;31,4
613500;15/01/2025;2,1;6,3;3,8;0;2,1;35,2
613500;16/01/2025;3,8;5,7;4,9;0;2,1;40,1
613500;17/01/2025;2,5;5,1;3,5;0;2,1;43,6
613500;18/01/2025;1,6;4,5;3,5;0;2,1;47,1
613500;19/01/2025;-1,9;1,9;-0,6;0;2,1;47,1
613500;20/01/2025;-0,5;4,9;1,5;0;2,1;48,6
613500;21/01/2025;1,1;2,3;1,8;0;2,1;50,4
613500;22/01/2025;0,5;3;1,5;0,1;2,1;51,9
613500;23/01/2025;1,2;5,3;3,2;10;2,1;55,1
613500;24/01/2025;2,9;6,3;4,5;2;2,1;59,6
613500;25/01/2025;1,4;6,4;4,7;0,6;2,1;64,3
613500;26/01/2025;1,1;3,4;2,1;0,2;2,1;66,4
613500;27/01/2025;1,3;8,1;4,5;7;2,1;70,9
613500;28/01/2025;1,8;7,6;5,1;0;2,2;76
613500;29/01/2025;0,6;6,6;3,6;0,6;2,2;79,6
613500;30/01/2025;3,5;6,7;5,1;0;2,3;84,7
613500;31/01/2025;0,7;4,2;2,6;0;2,3;87,3
613500;01/02/2025;-1,3;4,8;3,3;0,6;2,3;90,6
613500;02/02/2025;-1,6;3,2;0,7;0;2,3;91,3
613500;03/02/2025;-1,8;2,8;0,1;0;2,3;91,4
613500;04/02/2025;-0,2;3,1;1,8;0;2,3;93,2
613500;05/02/2025;2;8,4;4,5;0;2,3;97,7
613500;06/02/2025;0,1;7,2;2,8;0;2,3;100,5
613500;07/02/2025;-0,7;3,4;1,9;0,4;2,3;102,4
613500;08/02/2025;0,3;2,3;1,3;0,4;2,3;103,7
613500;09/02/2025;-0,2;2,7;1,5;0;2,3;105,2
613500;10/02/2025;0,6;2,5;1,4;0;2,3;106,6
613500;11/02/2025;0;3,1;1,1;0;2,3;107,7
613500;12/02/2025;-1,1;0,5;-0,2;0,1;2,3;107,7
613500;13/02/2025;-2,2;0,5;-0,7;0,2;2,3;107,7
613500;14/02/2025;-2,7;2,3;-0,6;0;2,3;107,7
613500;15/02/2025;-3;1,3;-0,7;0,1;2,3;107,7
613500;16/02/2025;-8;-1,6;-4,8;0;2,3;107,7
613500;17/02/2025;-8,5;0,4;-3,5;0;2,3;107,7
613500;18/02/2025;-5,8;2,8;-1,7;0;2,3;107,7
613500;19/02/2025;-7,2;3,6;-1,9;0;2,3;107,7
613500;20/02/2025;-3;2,5;0,1;0;2,3;107,8
613500;21/02/2025;0,6;6,4;3,3;2,8;2,3;111,1
613500;22/02/2025;2,5;7,3;5,2;0;2,5;116,3
613500;23/02/2025;3,8;6,5;5,2;0,2;2,7;121,5
613500;24/02/2025;3,7;9;6,7;2,4;4,4;128,2
613500;25/02/2025;3,2;8,8;6,2;0;5,6;134,4
613500;26/02/2025;2,2;6,7;4,5;1,9;5,6;138,9
613500;27/02/2025;1,7;5,1;3,5;0,4;5,6;142,4
613500;28/02/2025;0,3;4,9;3,1;0,4;5,6;145,5
613500;01/03/2025;-0,3;6,5;1,8;0;5,6;147,3
613500;02/03/2025;1,7;9,1;5,5;0;6,1;152,8
613500;03/03/2025;3,2;9,6;6;0;7,1;158,8
613500;04/03/2025;4,2;10,3;6,4;0;8,5;165,2
613500;05/03/2025;4;10,2;6,5;0;10;171,7
613500;06/03/2025;2,5;11,4;6,7;0;11,7;178,4
613500;07/03/2025;0,1;12,7;6,4;0;13,1;184,8
613500;08/03/2025;1,2;17,2;8,4;0;16,5;193,2
613500;09/03/2025;2,8;14;7,9;0;19,4;201,1
613500;10/03/2025;1,3;13;5,6;0;20;206,7
613500;11/03/2025;2,6;4,1;3,4;4,5;20;210,1
613500;12/03/2025;1,6;7;3,9;0,5;20;214
613500;13/03/2025;-0,2;6,3;3;0;20;217
613500;14/03/2025;-1,6;4,1;1,3;0,2;20;218,3
613500;15/03/2025;-3,4;6,3;1,5;0;20;219,8
613500;16/03/2025;0,2;9,5;4,2;0;20;224
613500;17/03/2025;-3,1;5,4;1,6;0;20;225,6
613500;18/03/2025;0,2;6,7;3,7;0;20;229,3
613500;19/03/2025;-2,6;8,4;3,5;0;20;232,8
613500;20/03/2025;-3,2;13,6;5,4;0;20,4;238,2
613500;21/03/2025;1,2;12,6;5,9;0;21,3;244,1
613500;22/03/2025;1,6;11,1;5,9;0;22,2;250
613500;23/03/2025;3,6;10,7;7,1;0;24,3;257,1
613500;24/03/2025;1,2;13,1;6,5;0;25,8;263,6
613500;25/03/2025;-1;8,5;5,2;0,8;26;268,8
613500;26/03/2025;2,6;12,3;7,6;0;28,6;276,4
613500;27/03/2025;1,5;10,3;7,2;0;30,8;283,6
613500;28/03/2025;3,8;14,8;8,9;0;34,7;292,5
613500;29/03/2025;2,7;12,1;7,5;0;37,2;300
613500;30/03/2025;3,6;10;6,9;4,2;39,1;306,9
613500;31/03/2025;3,1;10,5;7;0;41,1;313,9
613500;01/04/2025;1;14,8;8;0;44,1;321,9
613500;02/04/2025;2,1;15,9;8,9;0;48;330,8
613500;03/04/2025;1,7;17,8;9,8;0;52,8;340,6
613500;04/04/2025;2,7;13,8;7,8;0;55,6;348,4
613500;05/04/2025;1,6;9,6;5,9;0;56,5;354,3
613500;06/04/2025;-2,6;9;4,4;0;56,5;358,7
613500;07/04/2025;-0,3;12,2;6;0;57,5;364,7
613500;08/04/2025;1;12,9;7,2;0;59,7;371,9
613500;09/04/2025;0,6;11,2;6,3;0;61;378,2
613500;10/04/2025;-0,3;14,2;7,6;0;63,6;385,8
613500;11/04/2025;6,3;14,2;9,6;0;68,2;395,4
613500;12/04/2025;5,6;14,3;9,4;0;72,6;404,8
613500;13/04/2025;5,8;16,4;10,7;0,6;78,3;415,5
613500;14/04/2025;4,2;14,6;9,2;0,1;82,5;424,7
613500;15/04/2025;3,8;19,2;11,6;0,6;89,1;436,3
613500;16/04/2025;10,9;19,7;15,1;0,1;99,2;451,4
613500;17/04/2025;9,1;19,2;13,4;0;107,6;464,8
613500;18/04/2025;9,1;11,4;10;0,6;112,6;474,8
613500;19/04/2025;7,2;9,7;8,2;8,4;115,8;483
613500;20/04/2025;7,2;9,8;8,3;5,5;119,1;491,3
613500;21/04/2025;8,3;13,3;10;0,1;124,1;501,3
613500;22/04/2025;7,9;12,7;10,1;1,2;129,2;511,4
613500;23/04/2025;5,5;14,4;9,9;0;134,1;521,3
613500;24/04/2025;4,4;15,3;9,4;0;138,5;530,7
613500;25/04/2025;5,6;13,6;8,6;0;142,1;539,3
613500;26/04/2025;2,4;15,1;9,2;0;146,3;548,5
613500;27/04/2025;4,3;14,6;9,9;0;151,2;558,4
613500;28/04/2025;1,2;17,7;10,9;0;157,1;569,3
613500;29/04/2025;8;17,9;12,7;0;164,8;582
613500;30/04/2025;7,9;19,1;13,1;0;172,9;595,1
613500;01/05/2025;5,4;20;14;0;181,9;609,1
613500;02/05/2025;8,8;16,5;13,2;0;190,1;622,3
613500;03/05/2025;6,1;13,5;9,6;3,7;194,7;631,9
613500;04/05/2025;4,5;11,9;8,3;1,2;198;640,2
613500;05/05/2025;0,7;12,5;7,7;0;200,7;647,9
613500;06/05/2025;5,4;15,1;10,4;0;206,1;658,3
613500;07/05/2025;2,5;15,7;10,1;0;211,2;668,4
613500;08/05/2025;2,8;16,5;10,1;0;216,3;678,5
613500;09/05/2025;3,3;16,8;10,5;0;221,8;689
613500;10/05/2025;6,9;14,3;11,1;0;227,9;700,1
613500;11/05/2025;4,3;15,1;9,8;0;232,7;709,9
613500;12/05/2025;2,5;15,6;9,4;0;237,1;719,3
613500;13/05/2025;4,1;19,7;12,9;0;245;732,2
613500;14/05/2025;7,5;17;11,3;0;251,3;743,5
613500;15/05/2025;4,6;15;10,5;0;256,8;754
613500;16/05/2025;5;17,3;12,7;0;264,5;766,7
613500;17/05/2025;8,7;17;12,4;0,4;271,9;779,1
613500;18/05/2025;7,8;15,9;12,5;0;279,4;791,6
613500;19/05/2025;8,5;20,3;14,5;0,1;288,9;806,1
613500;20/05/2025;5,6;21,8;14,5;0;298,4;820,6
613500;21/05/2025;7,2;16,2;12,3;2,4;305,7;832,9
613500;22/05/2025;3,7;10,4;7,4;12,5;308,1;840,3
613500;23/05/2025;4,5;13,2;8,3;8,7;311,4;848,6
613500;24/05/2025;6,3;14,8;10,6;4,5;317;859,2
613500;25/05/2025;10,6;15,9;12,9;11,4;324,9;872,1
613500;26/05/2025;8,6;17,2;12,7;5,3;332,6;884,8
613500;27/05/2025;7,5;16,3;12,7;1,9;340,3;897,5
613500;28/05/2025;10,2;15,5;12,2;3,9;347,5;909,7
613500;29/05/2025;8,5;15,8;12,6;1,3;355,1;922,3
613500;30/05/2025;12,3;18,5;15,2;3,6;365,3;937,5
613500;31/05/2025;11,5;19;15;0;375,3;952,5
613500;01/06/2025;10,8;21;16,2;0,2;386,5;968,7
613500;02/06/2025;10;18,4;14;0,1;395,5;982,7
613500;03/06/2025;5,6;18,5;13,3;0;403,8;996
613500;04/06/2025;10,6;20,6;15,8;2;414,6;1011,8
613500;05/06/2025;6,8;18,4;13,7;0,1;423,3;1025,5
613500;06/06/2025;11,5;17,4;14,4;11,2;432,7;1039,9
613500;07/06/2025;9,3;16,4;13,1;0,5;440,8;1053
613500;08/06/2025;9,8;14,2;12;12,5;447,8;1065
613500;09/06/2025;9;16,1;12,2;0,3;455;1077,2
613500;10/06/2025;10,6;14,4;12,8;11;462,8;1090
613500;11/06/2025;7,7;17,7;13,5;0;471,3;1103,5
613500;12/06/2025;6,3;20,6;14,7;0,2;481;1118,2
613500;13/06/2025;9,8;19,2;14,9;0;490,9;1133,1
613500;14/06/2025;9,5;22,5;16,5;0;502,4;1149,6
613500;15/06/2025;11,6;24,1;17,2;3;514,6;1166,8
613500;16/06/2025;12,4;21,2;16,2;0;525,8;1183
613500;17/06/2025;11,7;21,8;17;0;537,8;1200
613500;18/06/2025;13,6;21,4;17;0;549,8;1217
613500;19/06/2025;11,4;18,2;14,9;0;559,7;1231,9
613500;20/06/2025;9,9;20;15,1;0;569,8;1247
613500;21/06/2025;9;24,5;17,2;0;582;1264,2
613500;22/06/2025;10,4;26,5;19,4;0;596,4;1283,6
613500;23/06/2025;12,6;19,4;16,2;3,2;607,6;1299,8
613500;24/06/2025;12,8;17,7;14,8;3,3;617,4;1314,6
613500;25/06/2025;10,7;20,1;16,2;0,1;628,6;1330,8
613500;26/06/2025;6,7;21,1;14,7;9,6;638,3;1345,5
613500;27/06/2025;14,2;20,6;17;0,5;650,3;1362,5
613500;28/06/2025;14;22,8;18,1;0;663,4;1380,6
613500;29/06/2025;13,9;20,9;18;0;676,4;1398,6
613500;30/06/2025;11,9;21,2;16,3;0;687,7;1414,9
613500;01/07/2025;8,9;25,6;18,7;0;701,4;1433,6
613500;02/07/2025;13;31,2;22,7;11,6;719,1;1456,3
613500;03/07/2025;12,7;19,7;16,8;0,7;730,9;1473,1
613500;04/07/2025;10;20,6;15,7;0,4;741,6;1488,8
613500;05/07/2025;14,5;18,7;16,2;5,9;752,8;1505
613500;06/07/2025;15,3;22;17,9;1,7;765,7;1522,9
613500;07/07/2025;13,4;20,3;16,6;12,9;777,3;1539,5
613500;08/07/2025;11,1;20,3;15,2;5;787,5;1554,7
613500;09/07/2025;12,5;20,9;16,8;0;799,3;1571,5
613500;10/07/2025;11,7;22,1;17,4;0;811,7;1588,9
613500;11/07/2025;12,3;21,5;17,1;0,4;823,8;1606
613500;12/07/2025;14,1;21,1;17,7;0,5;836,5;1623,7
613500;13/07/2025;13,5;22,5;17,8;0,9;849,3;1641,5
613500;14/07/2025;14,9;23,3;18,6;0;862,9;1660,1
613500;15/07/2025;12,7;23,5;17,1;3,4;875;1677,2
613500;16/07/2025;13,7;21,2;16,9;0;886,9;1694,1
613500;17/07/2025;16,2;25,6;20,3;1,5;902,2;1714,4
613500;18/07/2025;14,9;26,2;20,7;2;917,9;1735,1
613500;19/07/2025;13,8;27,6;21,3;0;934,2;1756,4
613500;20/07/2025;14,7;27,6;21,7;0;950,9;1778,1
613500;21/07/2025;16,1;21,7;19,2;22,4;965,1;1797,3
613500;22/07/2025;15,7;18,5;17,1;110,9;977,2;1814,4
613500;23/07/2025;16;21;18,3;0,5;990,5;1832,7
613500;24/07/2025;13,2;25,9;19,8;0;1005,3;1852,5
613500;25/07/2025;15,4;21,9;19;0;1019,3;1871,5
613500;26/07/2025;16,6;22,9;19,3;0;1033,6;1890,8
613500;27/07/2025;14,2;21,8;18,4;0;1047;1909,2
613500;28/07/2025;12,8;22,8;18,2;0;1060,2;1927,4
613500;29/07/2025;14,1;22,2;17,6;0,6;1072,8;1945
613500;30/07/2025;13,6;19,6;15,6;29,2;1083,4;1960,6
613500;31/07/2025;13,9;21,5;17;1,7;1095,4;1977,6
613500;01/08/2025;11,7;20,7;16,1;30,9;1106,5;1993,7
613500;02/08/2025;13,5;23,3;17,7;0,5;1119,2;2011,4
613500;03/08/2025;14,8;18,1;16,1;13,6;1130,3;2027,5
613500;04/08/2025;14,8;22,4;17,5;4,4;1142,8;2045
613500;05/08/2025;13,8;21;16,9;1,5;1154,7;2061,9
613500;06/08/2025;12,8;20,3;16,2;0,1;1165,9;2078,1
613500;07/08/2025;13,4;21,6;17,2;0,1;1178,1;2095,3
613500;08/08/2025;12,8;24,5;19,1;0;1192,2;2114,4
613500;09/08/2025;11;23,2;17,8;0;1205;2132,2
613500;10/08/2025;12,6;21,3;16,9;0;1216,9;2149,1
613500;11/08/2025;8,1;20,8;15,4;0;1227,3;2164,5
613500;12/08/2025;11,4;22,5;17,6;0;1239,9;2182,1
613500;13/08/2025;14,1;27,1;20,4;0;1255,3;2202,5
613500;14/08/2025;16,4;29,3;21,9;0;1272,2;2224,4
613500;15/08/2025;15,1;25,9;21;0;1288,2;2245,4
613500;16/08/2025;14,4;21,2;17,5;0;1300,7;2262,9
613500;17/08/2025;11,4;22,5;16,9;0;1312,6;2279,8
613500;18/08/2025;10;23,7;17,4;0;1325;2297,2
613500;19/08/2025;11,2;22,5;16,7;0;1336,7;2313,9
613500;20/08/2025;8,2;21,2;15,9;0;1347,6;2329,8
613500;21/08/2025;7;18,9;13,4;0;1356;2343,2
613500;22/08/2025;8,1;17,9;13,6;0,1;1364,6;2356,8
613500;23/08/2025;7,7;17,2;12,5;6,7;1372,1;2369,3
613500;24/08/2025;5,9;19,4;14;0;1381,1;2383,3
613500;25/08/2025;13;19,2;15,4;0;1391,5;2398,7
613500;26/08/2025;7,8;19,7;14,6;0;1401,1;2413,3
613500;27/08/2025;13,4;23,1;18,1;0;1414,2;2431,4
613500;28/08/2025;12;23,2;17,5;0,1;1426,7;2448,9
613500;29/08/2025;11;20,7;17,4;0;1439,1;2466,3
613500;30/08/2025;10,2;22;16,5;0;1450,6;2482,8
613500;31/08/2025;11,6;24,2;18,3;0;1463,9;2501,1
613500;01/09/2025;14,7;25,2;19,5;0,9;1478,4;2520,6
613500;02/09/2025;11,4;20,8;16,4;0;1489,8;2537
613500;03/09/2025;10,3;22,9;18,1;0;1502,9;2555,1
613500;04/09/2025;13,7;22,6;19,3;0;1517,2;2574,4
613500;05/09/2025;13,7;20;16,5;9,9;1528,7;2590,9
613500;06/09/2025;10,2;20,3;15,4;0;1539,1;2606,3
613500;07/09/2025;8,5;21;14,6;0;1548,7;2620,9
613500;08/09/2025;10,1;21,7;16,2;0;1559,9;2637,1
613500;09/09/2025;12,2;22,9;17;0;1571,9;2654,1
613500;10/09/2025;15,3;20,9;17,7;8,6;1584,6;2671,8
613500;11/09/2025;11,5;20,3;16,3;0,8;1595,9;2688,1
613500;12/09/2025;11,2;17,8;14,7;6,2;1605,6;2702,8
613500;13/09/2025;10,7;18,9;14,7;1,1;1615,3;2717,5
613500;14/09/2025;10;17,1;14,1;0,6;1624,4;2731,6
613500;15/09/2025;10,7;19,4;15;4,5;1634,4;2746,6
613500;16/09/2025;12,5;18,2;15,1;7,7;1644,5;2761,7
613500;17/09/2025;13,1;18,2;15,2;0;1654,7;2776,9
613500;18/09/2025;13,8;20,4;16,9;3,7;1666,6;2793,8
613500;19/09/2025;15,7;20,6;17,9;0;1679,5;2811,7
613500;20/09/2025;13,7;22,9;17,9;1,9;1692,4;2829,6
613500;21/09/2025;11;19,4;15,9;1,8;1703,3;2845,5
613500;22/09/2025;9,7;14,2;11,8;0,3;1710,1;2857,3
613500;23/09/2025;5;16,2;10,5;1,6;1715,6;2867,8
613500;24/09/2025;4,1;16,5;9,9;0;1720,5;2877,7
613500;25/09/2025;4,8;16,2;10,8;0;1726,3;2888,5
613500;26/09/2025;8,5;16,3;12,1;0;1733,4;2900,6
613500;27/09/2025;8,6;16,9;12,5;0;1740,9;2913,1
613500;28/09/2025;7,6;17,1;11,9;0;1747,8;2925
613500;29/09/2025;8,7;14,5;12,1;0;1754,9;2937,1
613500;30/09/2025;6,3;14,5;10,3;0,2;1760,2;2947,4
613500;01/10/2025;5,1;14,4;9,7;0;1764,9;2957,1
613500;02/10/2025;3,2;14,3;8,7;0;1768,6;2965,8
613500;03/10/2025;5,8;14,6;10,5;0;1774,1;2976,3
613500;04/10/2025;8,7;11,8;10,3;35,9;1779,4;2986,6
613500;05/10/2025;10,3;14,1;11,9;3,8;1786,3;2998,5
613500;06/10/2025;9,1;15;12,4;0;1793,7;3010,9
613500;07/10/2025;9,5;14,4;13;6,8;1801,7;3023,9
613500;08/10/2025;10,9;15,5;13,1;0,3;1809,8;3037
613500;09/10/2025;7,3;14,3;11,8;0;1816,6;3048,8
613500;10/10/2025;11,1;14,7;13,2;0;1824,8;3062
613500;11/10/2025;11,6;13,8;12,9;0;1832,7;3074,9
613500;12/10/2025;8,4;16,6;12,9;0,3;1840,6;3087,8
613500;13/10/2025;3,2;14,6;9,5;0;1845,1;3097,3
613500;14/10/2025;6,3;15;11,9;0,2;1852;3109,2
613500;15/10/2025;7;13,2;10,5;0,4;1857,5;3119,7
613500;16/10/2025;9,3;14,8;12;0;1864,5;3131,7
613500;17/10/2025;3,9;11,8;9;0;1868,5;3140,7
613500;18/10/2025;-0,4;11,5;4,8;0;1868,5;3145,5
613500;19/10/2025;0,3;9,9;5,1;0,1;1868,6;3150,6
613500;20/10/2025;4,7;11,6;8,2;0;1871,8;3158,8
613500;21/10/2025;8,8;13,1;11,2;3,5;1878;3170
613500;22/10/2025;7,3;13,2;11,5;0;1884,5;3181,5
613500;23/10/2025;5,7;12,7;10,5;9,6;1890;3192
613500;24/10/2025;9,4;12;10,5;2,3;1895,5;3202,5
613500;25/10/2025;8,5;10,8;9,4;5,8;1899,9;3211,9
613500;26/10/2025;6,5;9,8;8,3;4,5;1903,2;3220,2
613500;27/10/2025;6,9;10,4;8,5;3;1906,7;3228,7
613500;28/10/2025;7,2;10;8,4;2;1910,1;3237,1
613500;29/10/2025;9,6;11,3;10,4;3;1915,5;3247,5
613500;30/10/2025;6,8;10,5;9,3;13,1;1919,8;3256,8
613500;31/10/2025;1,8;10,7;7,6;0;1922,4;3264,4
613500;01/11/2025;6,2;12;9,7;3,6;1927,1;3274,1
613500;02/11/2025;6,1;11,2;9,4;0,2;1931,5;3283,5
613500;03/11/2025;5,2;11,3;9,3;2,1;1935,8;3292,8
613500;04/11/2025;11,3;12,8;11,9;0;1942,7;3304,7
613500;05/11/2025;9,6;12,1;11;0;1948,7;3315,7
613500;06/11/2025;5,7;14,9;10,2;0;1953,9;3325,9
613500;07/11/2025;5,4;9,1;7,1;0;1956;3333
613500;08/11/2025;5,3;7,5;6,4;0;1957,4;3339,4
613500;09/11/2025;6,3;8,1;7;0,3;1959,4;3346,4
613500;10/11/2025;2,3;11,2;6,5;0,2;1960,9;3352,9
613500;11/11/2025;5;10,1;8;2;1963,9;3360,9
613500;12/11/2025;6,6;11,1;9,7;0,1;1968,6;3370,6
613500;13/11/2025;5,9;12,9;10,4;0;1974;3381
613500;14/11/2025;3,6;8,3;6,3;0;1975,3;3387,3
613500;15/11/2025;-0,9;6,4;2,4;0;1975,3;3389,7
613500;16/11/2025;-1,4;5,8;2,5;0,2;1975,3;3392,2
613500;17/11/2025;0,8;6,9;3,6;0;1975,3;3395,8
613500;18/11/2025;1,2;5,9;4;0;1975,3;3399,8
613500;19/11/2025;-2,9;2,4;0,2;10,6;1975,3;3400
613500;20/11/2025;0,3;2,5;1,2;0,6;1975,3;3401,2
613500;21/11/2025;-1,7;3,5;0,9;0;1975,3;3402,1
613500;22/11/2025;0,3;4,7;3,1;0,3;1975,3;3405,2
613500;23/11/2025;0,3;3,6;2;0;1975,3;3407,2
613500;24/11/2025;-1,5;3,6;0,6;16,8;1975,3;3407,8
613500;25/11/2025;2,6;4,3;3,3;0,5;1975,3;3411,1
613500;26/11/2025;0,1;4,7;2,1;0;1975,3;3413,2
613500;27/11/2025;-0,7;6,7;3,7;4,7;1975,3;3416,9
613500;28/11/2025;6,1;8,2;7,5;1,2;1977,8;3424,4
613500;29/11/2025;5,9;8;7,3;0;1980,1;3431,7
613500;30/11/2025;6;8;6,7;1,9;1981,8;3438,4
613500;01/12/2025;4,3;6,4;5,4;0;1982,2;3443,8
613500;02/12/2025;4,2;5,2;4,6;2,2;1982,2;3448,4
613500;03/12/2025;4,5;5,1;4,8;0;1982,2;3453,2
613500;04/12/2025;3,3;5,2;4,5;3;1982,2;3457,7
613500;05/12/2025;3,3;5,6;4,6;3;1982,2;3462,3
613500;06/12/2025;3,8;5;4,3;0,5;1982,2;3466,6
613500;07/12/2025;4,6;7,8;6,5;1,5;1983,7;3473,1
613500;08/12/2025;7,3;9,6;8,8;2,5;1987,5;3481,9
613500;09/12/2025;6,5;10,3;8,9;6,5;1991,4;3490,8
613500;10/12/2025;8,7;10,2;9,6;0,7;1996;3500,4
613500;11/12/2025;8,3;9,3;8,9;0,5;1999,9;3509,3
613500;12/12/2025;4,8;8,6;6,9;0;2001,8;3516,2
613500;13/12/2025;5,3;8,9;6,9;0,5;2003,7;3523,1
613500;14/12/2025;5,5;7,1;6,2;0;2004,9;3529,3
613500;15/12/2025;3;7,4;6;0;2005,9;3535,3
613500;16/12/2025;2,9;7,7;5,3;0;2006,2;3540,6
613500;17/12/2025;5,1;7,1;6,2;0,1;2007,4;3546,8
613500;18/12/2025;6;7,6;6,9;0;2009,3;3553,7
613500;19/12/2025;6,6;9,6;8,2;0;2012,5;3561,9
613500;20/12/2025;2,9;7,6;5,8;0;2013,3;3567,7
613500;21/12/2025;4;5,4;4,7;0;2013,3;3572,4
613500;22/12/2025;4,4;5,2;4,9;0;2013,3;3577,3
613500;23/12/2025;-0,4;5,5;3,2;0;2013,3;3580,5
613500;24/12/2025;-2,6;0,8;-0,9;0;2013,3;3580,5
613500;25/12/2025;-2,9;1,6;-0,8;0;2013,3;3580,5
613500;26/12/2025;-2,3;4,7;2,6;0;2013,3;3583,1
613500;27/12/2025;0,8;7,5;4,3;0;2013,3;3587,4
613500;28/12/2025;-1,1;4,1;2,2;0;2013,3;3589,6
613500;29/12/2025;0,5;5,7;2,8;0,1;2013,3;3592,4
613500;30/12/2025;-1,8;2;0,8;2,4;2013,3;3593,2
613500;31/12/2025;-1,9;3,8;1,9;1,3;2013,3;3595,1
