0;2025.04.01 00:00;4;4.75;5;4.75;617;202;0;
1;2025.04.01 00:15;4;4.5625;4.875;4.625;616;202;0;
2;2025.04.01 00:30;4;4.4375;4.6875;4.5;616;202;0;
3;2025.04.01 00:45;4;4.3125;4.5;4.375;616;202;0;
4;2025.04.01 01:00;4;4.1875;4.375;4.25;615;202;0;
5;2025.04.01 01:15;4;4.125;4.25;4.125;615;202;0;
6;2025.04.01 01:30;4;4;4.125;4;614;202;0;
7;2025.04.01 01:45;4;3.875;4;3.875;614;202;0;
8;2025.04.01 02:00;4;3.75;3.9375;3.75;614;202;0;
9;2025.04.01 02:15;4;3.625;3.8125;3.625;614;202;0;
10;2025.04.01 02:30;4;3.5625;3.75;3.5625;613;202;0;
11;2025.04.01 02:45;4;3.5;3.625;3.5;613;202;0;
12;2025.04.01 03:00;4;3.375;3.5;3.375;613;202;0;
13;2025.04.01 03:15;4;3.25;3.375;3.25;613;202;0;
14;2025.04.01 03:30;4;3.1875;3.3125;3.25;613;202;0;
15;2025.04.01 03:45;4;3.125;3.25;3.125;612;202;0;
16;2025.04.01 04:00;4;3.0625;3.125;3.0625;612;202;0;
17;2025.04.01 04:15;4;2.9375;3.0625;2.9375;612;202;0;
18;2025.04.01 04:30;4;2.8125;3;2.8125;611;202;0;
19;2025.04.01 04:45;4;2.75;2.875;2.75;611;202;0;
20;2025.04.01 05:00;4;2.75;2.8125;2.75;611;202;0;
21;2025.04.01 05:15;4;2.8125;2.75;2.75;611;202;0;
22;2025.04.01 05:30;4;2.9375;2.8125;2.875;612;202;0;
23;2025.04.01 05:45;4;3.25;3;3.25;613;202;0;
24;2025.04.01 06:00;4;3.625;3.25;3.75;614;202;0;
25;2025.04.01 06:15;4;4.125;3.5625;4.25;615;202;0;
26;2025.04.01 06:30;4;4.75;4;4.875;617;202;0;
27;2025.04.01 06:45;4;5.375;4.5625;5.5;619;202;0;
28;2025.04.01 07:00;4;6.0625;5.125;6.1875;621;202;0;
29;2025.04.01 07:15;4;6.75;5.75;6.875;623;202;0;
30;2025.04.01 07:30;4;7.5;6.5;7.625;626;202;0;
31;2025.04.01 07:45;4;8.25;7.125;8.375;628;202;0;
32;2025.04.01 08:00;4;8.9375;7.875;9;630;202;0;
33;2025.04.01 08:15;4;9.5625;8.5;9.625;633;202;0;
34;2025.04.01 08:30;4;10.125;9.125;10.25;634;202;0;
35;2025.04.01 08:45;4;10.75;9.75;10.75;636;202;0;
36;2025.04.01 09:00;4;11.25;10.3125;11.25;638;202;0;
37;2025.04.01 09:15;4;11.6875;10.875;11.6875;640;202;0;
38;2025.04.01 09:30;4;12.125;11.3125;12.125;641;202;0;
39;2025.04.01 09:45;4;12.5;11.75;12.4375;642;202;0;
40;2025.04.01 10:00;4;12.8125;12.125;12.625;643;202;0;
41;2025.04.01 10:15;4;13.125;12.4375;12.875;644;202;0;
42;2025.04.01 10:30;4;13.3125;12.75;13;645;202;0;
43;2025.04.01 10:45;4;13.5;12.9375;13.125;645;202;0;
44;2025.04.01 11:00;4;13.625;13.125;13.25;645;202;0;
45;2025.04.01 11:15;4;13.8125;13.25;13.375;646;202;0;
46;2025.04.01 11:30;4;14;13.4375;13.5;646;202;0;
47;2025.04.01 11:45;4;14.125;13.625;13.625;646;202;0;
48;2025.04.01 12:00;4;14.25;13.75;13.75;646;202;0;
49;2025.04.01 12:15;4;14.375;13.875;13.875;646;202;0;
50;2025.04.01 12:30;4;14.5;13.9375;13.9375;647;202;0;
51;2025.04.01 12:45;4;14.625;14.0625;14.0625;647;202;0;
52;2025.04.01 13:00;4;14.75;14.1875;14.1875;647;202;0;
53;2025.04.01 13:15;4;14.75;14.3125;14.375;647;202;0;
54;2025.04.01 13:30;4;15;14.5;14.5;647;202;0;
55;2025.04.01 13:45;4;15.375;14.6875;14.875;648;202;0;
56;2025.04.01 14:00;4;15.875;15;15.375;650;202;0;
57;2025.04.01 14:15;4;16.3125;15.375;15.875;651;202;0;
58;2025.04.01 14:30;4;16.6875;15.75;16.1875;652;202;0;
59;2025.04.01 14:45;4;16.9375;16;16.4375;654;202;0;
60;2025.04.01 15:00;4;17.125;16.25;16.625;654;202;0;
61;2025.04.01 15:15;4;17.1875;16.5;16.75;655;202;0;
62;2025.04.01 15:30;4;17.25;16.6875;16.875;656;202;0;
63;2025.04.01 15:45;4;17.375;16.8125;16.9375;656;202;0;
64;2025.04.01 16:00;4;17.375;16.875;16.9375;657;202;0;
65;2025.04.01 16:15;4;17.25;16.875;16.875;657;202;0;
66;2025.04.01 16:30;4;17.1875;16.875;16.8125;657;202;0;
67;2025.04.01 16:45;4;16.625;16.75;16.375;656;202;0;
68;2025.04.01 17:00;4;15.9375;16.375;15.9375;654;202;0;
69;2025.04.01 17:15;4;15.4375;16.0625;15.625;653;202;0;
70;2025.04.01 17:30;4;15.25;15.75;15.375;652;202;0;
71;2025.04.01 17:45;4;15.125;15.5;15;652;202;0;
72;2025.04.01 18:00;4;14.75;15.125;14.75;650;202;0;
73;2025.04.01 18:15;4;14.3125;14.75;14.3125;649;202;0;
74;2025.04.01 18:30;4;13.8125;14.375;13.8125;647;202;0;
75;2025.04.01 18:45;4;13.25;13.875;13.375;646;202;0;
76;2025.04.01 19:00;4;12.75;13.5;12.8125;644;202;0;
77;2025.04.01 19:15;4;12.25;13;12.25;642;202;0;
78;2025.04.01 19:30;4;11.75;12.5;11.75;641;202;0;
79;2025.04.01 19:45;4;11.375;12;11.375;639;202;0;
80;2025.04.01 20:00;4;10.75;11.5;11;637;202;0;
81;2025.04.01 20:15;4;10.1875;11.125;10.5625;635;202;0;
82;2025.04.01 20:30;4;9.75;10.625;10.25;634;202;0;
83;2025.04.01 20:45;4;9.4375;10.25;9.875;633;202;0;
84;2025.04.01 21:00;4;9.125;9.875;9.5;632;202;0;
85;2025.04.01 21:15;4;8.8125;9.5625;9.25;631;202;0;
86;2025.04.01 21:30;4;8.5625;9.25;8.9375;630;202;0;
87;2025.04.01 21:45;4;8.375;9;8.5625;629;202;0;
88;2025.04.01 22:00;4;8.25;8.6875;8.375;629;202;0;
89;2025.04.01 22:15;4;8.125;8.5;8.125;628;202;0;
90;2025.04.01 22:30;4;8;8.25;8;628;202;0;
91;2025.04.01 22:45;4;7.8125;8.125;7.75;627;202;0;
92;2025.04.01 23:00;4;7.625;7.875;7.625;627;202;0;
93;2025.04.01 23:15;4;7.4375;7.75;7.4375;626;202;0;
94;2025.04.01 23:30;4;7.3125;7.5625;7.375;626;202;0;
95;2025.04.01 23:45;4;7.125;7.375;7.25;626;202;0;
96;2025.04.02 00:00;4;7;7.25;7.0625;625;202;0;
97;2025.04.02 00:15;4;6.875;7.125;6.875;625;202;0;
98;2025.04.02 00:30;4;6.8125;7;6.75;625;202;0;
99;2025.04.02 00:45;4;6.6875;6.875;6.6875;624;202;0;
100;2025.04.02 01:00;4;6.625;6.75;6.5625;624;202;0;
101;2025.04.02 01:15;4;6.5;6.625;6.375;624;202;0;
102;2025.04.02 01:30;4;6.375;6.5;6.25;623;202;0;
103;2025.04.02 01:45;4;6.25;6.375;6.125;623;202;0;
104;2025.04.02 02:00;4;6.1875;6.25;6.125;623;202;0;
105;2025.04.02 02:15;4;6.125;6.1875;6;622;202;0;
106;2025.04.02 02:30;4;6;6.0625;5.875;622;202;0;
107;2025.04.02 02:45;4;5.8125;6;5.75;622;202;0;
108;2025.04.02 03:00;4;5.6875;5.875;5.625;621;202;0;
109;2025.04.02 03:15;4;5.5;5.6875;5.4375;621;202;0;
110;2025.04.02 03:30;4;5.375;5.5;5.25;620;202;0;
111;2025.04.02 03:45;4;5.25;5.375;5.125;620;202;0;
112;2025.04.02 04:00;4;5.125;5.25;5;620;202;0;
113;2025.04.02 04:15;4;5.0625;5.1875;4.9375;619;202;0;
114;2025.04.02 04:30;4;5;5.0625;4.875;619;202;0;
115;2025.04.02 04:45;4;4.875;5;4.8125;619;202;0;
116;2025.04.02 05:00;4;4.875;4.875;4.75;618;202;0;
117;2025.04.02 05:15;4;4.8125;4.875;4.75;618;202;0;
118;2025.04.02 05:30;4;5;4.875;4.875;618;202;0;
119;2025.04.02 05:45;4;5.25;5;5.25;619;202;0;
120;2025.04.02 06:00;4;5.6875;5.25;5.6875;620;202;0;
121;2025.04.02 06:15;4;6.125;5.5625;6.1875;621;202;0;
122;2025.04.02 06:30;4;6.6875;6;6.75;623;202;0;
123;2025.04.02 06:45;4;7.1875;6.375;7.25;625;202;0;
124;2025.04.02 07:00;4;7.75;6.875;7.8125;626;202;0;
125;2025.04.02 07:15;4;8.3125;7.5;8.375;628;202;0;
126;2025.04.02 07:30;4;8.875;8;9;630;202;0;
127;2025.04.02 07:45;4;9.375;8.5;9.5;632;202;0;
128;2025.04.02 08:00;4;9.875;9;10;634;202;0;
129;2025.04.02 08:15;4;10.375;9.5;10.375;635;202;0;
130;2025.04.02 08:30;4;11;10.125;11;499;202;0;
131;2025.04.02 08:45;4;12.625;11;12.3125;564;202;0;
132;2025.04.02 09:00;4;13.75;13;14.375;486;202;0;
133;2025.04.02 09:15;4;15.0625;14.5;16.0625;449;202;0;
134;2025.04.02 09:30;4;14.875;14.875;16.125;521;202;0;
135;2025.04.02 09:45;4;14.5;14.5625;16.8125;520;202;0;
136;2025.04.02 10:00;4;14.9375;14.625;17.1875;477;202;0;
137;2025.04.02 10:15;4;15.75;15.1875;17.125;366;202;0;
138;2025.04.02 10:30;4;17;16.75;21.3125;366;202;0;
139;2025.04.02 10:45;4;17;17.25;19.625;368;202;0;
140;2025.04.02 11:00;4;16.125;16.75;19.75;391;202;0;
141;2025.04.02 11:15;4;16.3125;16.875;19.75;391;202;0;
142;2025.04.02 11:30;4;16.75;17.5;22.5;392;202;0;
143;2025.04.02 11:45;4;16.9375;18.125;19.625;396;202;0;
144;2025.04.02 12:00;4;17.125;18.5;18.75;397;202;0;
145;2025.04.02 12:15;4;17.125;18.4375;18.25;397;202;0;
146;2025.04.02 12:30;4;17.25;17.9375;23.1875;405;202;0;
147;2025.04.02 12:45;4;17.75;18.1875;24.875;407;202;0;
148;2025.04.02 13:00;4;17.75;18.375;25.5;407;202;0;
149;2025.04.02 13:15;4;18.125;20.25;25.875;406;202;0;
150;2025.04.02 13:30;4;13.9375;21.75;22.125;2053;202;0;
151;2025.04.02 13:45;4;13.6875;20.625;19.8125;2064;202;0;
152;2025.04.02 14:00;4;13.75;19.6875;19.375;2067;202;0;
153;2025.04.02 14:15;4;13.75;19.4375;19.375;2067;202;0;
154;2025.04.02 14:30;4;13.8125;19;19.125;2065;202;0;
155;2025.04.02 14:45;4;13.8125;19;19;2063;202;0;
156;2025.04.02 15:00;4;13.75;18.875;19.25;2060;202;0;
157;2025.04.02 15:15;4;13.75;18.5625;19;2057;202;0;
158;2025.04.02 15:30;4;13.6875;18.125;18.6875;2054;202;0;
159;2025.04.02 15:45;4;13.625;17.6875;18.5625;2051;202;0;
160;2025.04.02 16:00;4;13.5;17.125;18.4375;2048;202;0;
161;2025.04.02 16:15;4;13.375;16.75;18;2045;202;0;
162;2025.04.02 16:30;4;13.25;16.0625;17.8125;2041;202;0;
163;2025.04.02 16:45;4;13.125;15.125;17.625;2037;202;0;
164;2025.04.02 17:00;4;12.9375;13.625;15.5625;2034;202;0;
165;2025.04.02 17:15;4;12.75;11.4375;11.875;2029;202;0;
166;2025.04.02 17:30;4;12.5;10.3125;10.9375;2026;202;0;
167;2025.04.02 17:45;4;12.25;9.25;9.625;2024;202;0;
168;2025.04.02 18:00;4;12;8.375;8.5;2021;202;0;
169;2025.04.02 18:15;4;11.75;7.5;7.375;2020;202;0;
170;2025.04.02 18:30;4;11.5;6.75;6.25;2018;202;0;
171;2025.04.02 18:45;4;11.25;6.375;6;2017;202;0;
172;2025.04.02 19:00;4;11;5.9375;5.4375;2016;202;0;
173;2025.04.02 19:15;4;10.8125;5.5;4.625;2015;202;0;
174;2025.04.02 19:30;4;10.625;5.25;4.375;2014;202;0;
175;2025.04.02 19:45;4;10.375;4.875;3.8125;2013;202;0;
176;2025.04.02 20:00;4;10.1875;4.625;3.625;2013;202;0;
177;2025.04.02 20:15;4;10;4.5;3.625;2012;202;0;
178;2025.04.02 20:30;4;9.8125;4.3125;3.375;2011;202;0;
179;2025.04.02 20:45;4;9.625;4.125;3.25;2010;202;0;
180;2025.04.02 21:00;4;9.5;4.0625;3.1875;2010;202;0;
181;2025.04.02 21:15;4;9.3125;3.875;3;2009;202;0;
182;2025.04.02 21:30;4;9.125;3.75;2.875;2009;202;0;
183;2025.04.02 21:45;4;9;3.75;2.875;2009;202;0;
184;2025.04.02 22:00;4;8.875;3.625;2.75;2008;202;0;
185;2025.04.02 22:15;4;8.75;3.5;2.5625;2008;202;0;
186;2025.04.02 22:30;4;8.625;3.3125;2.4375;2007;202;0;
187;2025.04.02 22:45;4;8.5;3.3125;2.5;2007;202;0;
188;2025.04.02 23:00;4;8.375;3.25;2.4375;2006;202;0;
189;2025.04.02 23:15;4;8.25;3.25;2.625;2006;202;0;
190;2025.04.02 23:30;4;8.125;3.25;2.5625;2005;202;0;
191;2025.04.02 23:45;4;8;3;2.25;2005;202;0;
192;2025.04.03 00:00;4;7.875;2.9375;2.0625;2005;202;0;
193;2025.04.03 00:15;4;7.8125;2.75;1.875;2004;202;0;
194;2025.04.03 00:30;4;7.75;2.6875;1.8125;2004;202;0;
195;2025.04.03 00:45;4;7.625;2.625;1.8125;2004;202;0;
196;2025.04.03 01:00;4;7.5;2.625;1.875;2003;202;0;
197;2025.04.03 01:15;4;7.375;2.5625;1.875;2002;202;0;
198;2025.04.03 01:30;4;7.375;2.5;1.625;2002;202;0;
199;2025.04.03 01:45;4;7.25;2.4375;1.6875;2002;202;0;
200;2025.04.03 02:00;4;7.125;2.375;1.625;2001;202;0;
201;2025.04.03 02:15;4;7.0625;2.375;1.5;2000;202;0;
202;2025.04.03 02:30;4;7;2.25;1.5625;1999;202;0;
203;2025.04.03 02:45;4;6.875;2.1875;1.375;1999;202;0;
204;2025.04.03 03:00;4;6.875;2.125;1.125;1998;202;0;
205;2025.04.03 03:15;4;6.75;1.9375;0.875;1998;202;0;
206;2025.04.03 03:30;4;6.6875;1.875;0.9375;1998;202;0;
207;2025.04.03 03:45;4;6.625;1.75;0.875;1997;202;0;
208;2025.04.03 04:00;4;6.5;1.625;0.6875;1997;202;0;
209;2025.04.03 04:15;4;6.4375;1.5;0.625;1997;202;0;
210;2025.04.03 04:30;4;6.375;1.625;0.75;1997;202;0;
211;2025.04.03 04:45;4;6.25;1.5;0.625;1996;202;0;
212;2025.04.03 05:00;4;6.25;1.6875;1.375;1996;202;0;
213;2025.04.03 05:15;4;6.1875;2.25;3.375;1997;202;0;
214;2025.04.03 05:30;4;6.125;3.375;5.5;1997;202;0;
215;2025.04.03 05:45;4;6.125;4.75;7.0625;1999;202;0;
216;2025.04.03 06:00;4;6.25;6.125;8.75;2000;202;0;
217;2025.04.03 06:15;4;6.25;7.9375;10.5;2002;202;0;
218;2025.04.03 06:30;4;6.4375;9.25;11;2003;202;0;
219;2025.04.03 06:45;4;6.625;10.5;12.375;2004;202;0;
220;2025.04.03 07:00;4;6.875;11.8125;13.5625;2005;202;0;
221;2025.04.03 07:15;4;7.125;13;14.625;2007;202;0;
222;2025.04.03 07:30;4;7.375;14;15.625;2009;202;0;
223;2025.04.03 07:45;4;7.6875;14.625;16.0625;2010;202;0;
224;2025.04.03 08:00;4;8;15.4375;16.6875;2012;202;0;
225;2025.04.03 08:15;4;8.3125;16.125;17.125;2013;202;0;
226;2025.04.03 08:30;4;8.625;16.75;17.625;2014;202;0;
227;2025.04.03 08:45;4;9;17.25;18.125;2016;202;0;
228;2025.04.03 09:00;4;9.375;17.875;18.625;2017;202;0;
229;2025.04.03 09:15;4;9.75;18.25;18.875;2018;202;0;
230;2025.04.03 09:30;4;10.125;19.125;19.375;2019;202;0;
231;2025.04.03 09:45;4;10.5;19.6875;19.25;2020;202;0;
232;2025.04.03 10:00;4;10.875;20.125;19.5625;2021;202;0;
233;2025.04.03 10:15;4;11.25;20.875;19.875;2022;202;0;
234;2025.04.03 10:30;4;11.625;21.625;20.3125;2023;202;0;
235;2025.04.03 10:45;4;12;21.8125;20.25;2023;202;0;
236;2025.04.03 11:00;4;12.25;22.4375;20.75;2024;202;0;
237;2025.04.03 11:15;4;12.625;22.875;21.1875;2025;202;0;
238;2025.04.03 11:30;4;13;23.25;21.5;2025;202;0;
239;2025.04.03 11:45;4;13.25;23.1875;21.375;2024;202;0;
240;2025.04.03 12:00;4;13.625;23.25;21.6875;2024;202;0;
241;2025.04.03 12:15;4;13.875;23.0625;21.75;2024;202;0;
242;2025.04.03 12:30;4;14.125;22.875;21.875;2023;202;0;
243;2025.04.03 12:45;4;14.375;22.125;20.9375;2022;202;0;
244;2025.04.03 13:00;4;14.5;20.9375;20.0625;2019;202;0;
245;2025.04.03 13:15;4;14.625;21;20.125;2018;202;0;
246;2025.04.03 13:30;4;14.75;21;20;2018;202;0;
247;2025.04.03 13:45;4;14.875;20.875;20.5;2017;202;0;
248;2025.04.03 14:00;4;14.9375;20.4375;20.125;2016;202;0;
249;2025.04.03 14:15;4;15;20.625;20.625;2015;202;0;
250;2025.04.03 14:30;4;15.0625;20.5;20.5;2013;202;0;
251;2025.04.03 14:45;4;15.125;20;19.75;2011;202;0;
252;2025.04.03 15:00;4;15.125;20;19.75;2009;202;0;
253;2025.04.03 15:15;4;15.0625;19.5;19.875;2007;202;0;
254;2025.04.03 15:30;4;15;19.375;19.75;2005;202;0;
255;2025.04.03 15:45;4;14.9375;18.8125;19.25;2002;202;0;
256;2025.04.03 16:00;4;14.875;18.25;19.125;2000;202;0;
257;2025.04.03 16:15;4;14.75;17.5;18.375;1998;202;0;
258;2025.04.03 16:30;4;14.625;16.625;17.625;1995;202;0;
259;2025.04.03 16:45;4;14.375;15.625;17.25;1991;202;0;
260;2025.04.03 17:00;4;14.25;14.75;16.875;1988;202;0;
261;2025.04.03 17:15;4;14;12.875;13.4375;1984;202;0;
262;2025.04.03 17:30;4;13.75;11.625;12.375;1982;202;0;
263;2025.04.03 17:45;4;13.5;10.4375;10.625;1980;202;0;
264;2025.04.03 18:00;4;13.25;9.5;9.375;1977;202;0;
265;2025.04.03 18:15;4;13;8.5;7.625;1975;202;0;
266;2025.04.03 18:30;4;12.6875;7.875;7.0625;1974;202;0;
267;2025.04.03 18:45;4;12.4375;7.5;6.625;1974;202;0;
268;2025.04.03 19:00;4;12.1875;7.125;6.25;1976;202;0;
269;2025.04.03 19:15;4;11.9375;6.75;5.875;1972;202;0;
270;2025.04.03 19:30;4;11.75;6.5;5.625;1973;202;0;
271;2025.04.03 19:45;4;11.5;6.25;5.125;1972;202;0;
272;2025.04.03 20:00;4;11.3125;6;4.9375;1972;202;0;
273;2025.04.03 20:15;4;11.125;5.75;4.8125;1970;202;0;
274;2025.04.03 20:30;4;10.875;5.625;4.625;1969;202;0;
275;2025.04.03 20:45;4;10.75;5.375;4.125;1969;202;0;
276;2025.04.03 21:00;4;10.5625;5.125;4;1969;202;0;
277;2025.04.03 21:15;4;10.375;5;3.8125;1968;202;0;
278;2025.04.03 21:30;4;10.25;4.75;3.5625;1974;202;0;
279;2025.04.03 21:45;4;10.0625;4.625;3.5;1966;202;0;
280;2025.04.03 22:00;4;9.875;4.5625;3.5;1965;202;0;
281;2025.04.03 22:15;4;9.75;4.375;3.3125;1969;202;0;
282;2025.04.03 22:30;4;9.625;4.25;3.125;1963;202;0;
283;2025.04.03 22:45;4;9.5;4.0625;2.875;1968;202;0;
284;2025.04.03 23:00;4;9.375;3.875;2.75;1968;202;0;
285;2025.04.03 23:15;4;9.25;3.75;2.5;1967;202;0;
286;2025.04.03 23:30;4;9.125;3.75;2.5;1962;202;0;
287;2025.04.03 23:45;4;9;3.625;2.375;1961;202;0;
288;2025.04.04 00:00;4;8.875;3.5;2.125;1962;202;0;
289;2025.04.04 00:15;4;8.75;3.3125;2.125;1960;202;0;
290;2025.04.04 00:30;4;8.625;3.1875;1.875;1959;202;0;
291;2025.04.04 00:45;4;8.5;3.125;1.9375;1959;202;0;
292;2025.04.04 01:00;4;8.375;3;1.875;1959;202;0;
293;2025.04.04 01:15;4;8.25;3;1.875;1966;202;0;
294;2025.04.04 01:30;4;8.125;3;1.8125;1966;202;0;
295;2025.04.04 01:45;4;8.125;2.8125;1.6875;1963;202;0;
296;2025.04.04 02:00;4;8;2.75;1.625;1966;202;0;
297;2025.04.04 02:15;4;7.875;2.6875;1.5625;1966;202;0;
298;2025.04.04 02:30;4;7.8125;2.625;1.625;1962;202;0;
299;2025.04.04 02:45;4;7.75;2.5625;1.375;1959;202;0;
300;2025.04.04 03:00;4;7.625;2.375;1.0625;1961;202;0;
301;2025.04.04 03:15;4;7.5;2.3125;1.1875;1956;202;0;
302;2025.04.04 03:30;4;7.4375;2.25;1.1875;1955;202;0;
303;2025.04.04 03:45;4;7.375;2.25;1;1954;202;0;
304;2025.04.04 04:00;4;7.25;2.1875;1.125;1958;202;0;
305;2025.04.04 04:15;4;7.1875;2.125;1.125;1952;202;0;
306;2025.04.04 04:30;4;7.125;2.125;1.125;1960;202;0;
307;2025.04.04 04:45;4;7.0625;2.125;1.125;1952;202;0;
308;2025.04.04 05:00;4;7;2.25;1.8125;1953;202;0;
309;2025.04.04 05:15;4;6.875;2.75;3.875;1958;202;0;
310;2025.04.04 05:30;4;6.875;3.875;6.125;1966;202;0;
311;2025.04.04 05:45;4;6.875;5.1875;8.5625;1965;202;0;
312;2025.04.04 06:00;4;7;6.875;10.375;1965;202;0;
313;2025.04.04 06:15;4;7.0625;8.125;11.1875;1969;202;0;
314;2025.04.04 06:30;4;7.1875;9.75;12.5625;1971;202;0;
315;2025.04.04 06:45;4;7.375;10.75;12.5;1967;202;0;
316;2025.04.04 07:00;4;7.625;11.5;12.6875;1967;202;0;
317;2025.04.04 07:15;4;7.8125;12.4375;14.25;1971;202;0;
318;2025.04.04 07:30;4;8;13;14.3125;1972;202;0;
319;2025.04.04 07:45;4;8.25;13.75;14.9375;1972;202;0;
320;2025.04.04 08:00;4;8.5625;14.3125;15.3125;1974;202;0;
321;2025.04.04 08:15;4;8.8125;14.5;15.4375;1973;202;0;
322;2025.04.04 08:30;4;9.125;14.75;15.5;1974;202;0;
323;2025.04.04 08:45;4;9.375;14.5625;15;1974;202;0;
324;2025.04.04 09:00;4;9.625;15;15.6875;1975;202;0;
325;2025.04.04 09:15;4;9.875;15.5;16.25;1977;202;0;
326;2025.04.04 09:30;4;10.125;15.375;15.25;1977;202;0;
327;2025.04.04 09:45;4;10.375;16.125;15.8125;1978;202;0;
328;2025.04.04 10:00;4;10.6875;16.5625;15.625;1978;202;0;
329;2025.04.04 10:15;4;11;16.875;15.25;1980;202;0;
330;2025.04.04 10:30;4;11.25;17.5625;15.875;1980;202;0;
331;2025.04.04 10:45;4;11.5;18.0625;16.1875;1981;202;0;
332;2025.04.04 11:00;4;11.75;18.375;16.5;1982;202;0;
333;2025.04.04 11:15;4;12.125;19.375;17.0625;1983;202;0;
334;2025.04.04 11:30;4;12.375;19.0625;16.75;1983;202;0;
335;2025.04.04 11:45;4;12.625;18.125;16;1981;202;0;
336;2025.04.04 12:00;4;12.875;18.375;16.1875;1983;202;0;
337;2025.04.04 12:15;4;13;18.75;17;1981;202;0;
338;2025.04.04 12:30;4;13.25;18.625;17.125;1982;202;0;
339;2025.04.04 12:45;4;13.5;18.625;16.5;1980;202;0;
340;2025.04.04 13:00;4;13.625;18;16.25;1975;202;0;
341;2025.04.04 13:15;4;13.75;17.375;15.875;1981;202;0;
342;2025.04.04 13:30;4;13.8125;16.75;15.5;1983;202;0;
343;2025.04.04 13:45;4;13.875;16.5;15.625;1984;202;0;
344;2025.04.04 14:00;4;13.875;17.375;16.125;1987;202;0;
345;2025.04.04 14:15;4;14;16.6875;15.25;1983;202;0;
346;2025.04.04 14:30;4;14;15.6875;14.625;1980;202;0;
347;2025.04.04 14:45;4;13.875;14.8125;13.875;1976;202;0;
348;2025.04.04 15:00;4;13.75;14.375;13.6875;1963;202;0;
349;2025.04.04 15:15;4;13.625;14.4375;13.875;1967;202;0;
350;2025.04.04 15:30;4;13.5625;14.125;13.5;1957;202;0;
351;2025.04.04 15:45;4;13.4375;14.375;14.375;1957;202;0;
352;2025.04.04 16:00;4;13.3125;14.25;14;1955;202;0;
353;2025.04.04 16:15;4;13.1875;13.5;13.75;1964;202;0;
354;2025.04.04 16:30;4;13;12.875;13.375;1956;202;0;
355;2025.04.04 16:45;4;12.875;12.1875;13.125;1955;202;0;
356;2025.04.04 17:00;4;12.6875;11.3125;12.3125;1958;202;0;
357;2025.04.04 17:15;4;12.5;9.5625;9.375;1957;202;0;
358;2025.04.04 17:30;4;12.25;8.625;8.75;1953;202;0;
359;2025.04.04 17:45;4;12;8;7.875;1951;202;0;
360;2025.04.04 18:00;4;11.75;7.375;7.25;1944;202;0;
361;2025.04.04 18:15;4;11.5;6.75;6.5;1946;202;0;
362;2025.04.04 18:30;4;11.25;6.375;6.25;1954;202;0;
363;2025.04.04 18:45;4;11;5.75;5.25;1946;202;0;
364;2025.04.04 19:00;4;10.75;5.25;4.875;1949;202;0;
365;2025.04.04 19:15;4;10.5;5.375;5.375;1952;202;0;
366;2025.04.04 19:30;4;10.375;4.75;4.125;1947;202;0;
367;2025.04.04 19:45;4;10.125;4.25;3.4375;1941;202;0;
368;2025.04.04 20:00;4;9.9375;3.625;2.25;1937;202;0;
369;2025.04.04 20:15;4;9.75;3;1.25;1940;202;0;
370;2025.04.04 20:30;4;9.5;2.6875;1.25;1945;202;0;
371;2025.04.04 20:45;4;9.375;2.5;1.125;1946;202;0;
372;2025.04.04 21:00;4;9.125;2.3125;1;1945;202;0;
373;2025.04.04 21:15;4;9;2.875;2.375;1948;202;0;
374;2025.04.04 21:30;4;8.875;3.25;2.6875;1947;202;0;
375;2025.04.04 21:45;4;8.75;3.4375;3;1951;202;0;
376;2025.04.04 22:00;4;8.625;3.6875;3.4375;1952;202;0;
377;2025.04.04 22:15;4;8.5;3.875;3.5625;1947;202;0;
378;2025.04.04 22:30;4;8.375;3.9375;3.625;1949;202;0;
379;2025.04.04 22:45;4;8.3125;3.9375;3.5625;1949;202;0;
380;2025.04.04 23:00;4;8.25;3.9375;3.75;1958;202;0;
381;2025.04.04 23:15;4;8.125;3.9375;3.75;1945;202;0;
382;2025.04.04 23:30;4;8.0625;3.875;3.75;1949;202;0;
383;2025.04.04 23:45;4;8;3.9375;3.875;1942;202;0;
384;2025.04.05 00:00;4;7.875;3.875;3.75;1948;202;0;
385;2025.04.05 00:15;4;7.8125;3.75;3.75;1949;202;0;
386;2025.04.05 00:30;4;7.75;3.6875;3.75;1953;202;0;
387;2025.04.05 00:45;4;7.625;3.625;3.625;1949;202;0;
388;2025.04.05 01:00;4;7.5625;3.625;3.6875;1946;202;0;
389;2025.04.05 01:15;4;7.5;3.5;3.5625;1950;202;0;
390;2025.04.05 01:30;4;7.375;3.25;3.25;1934;202;0;
391;2025.04.05 01:45;4;7.25;3;3;1939;202;0;
392;2025.04.05 02:00;4;7.1875;2.875;2.75;1945;202;0;
393;2025.04.05 02:15;4;7.125;2.75;2.4375;1940;202;0;
394;2025.04.05 02:30;4;7.0625;2.5625;2.375;1939;202;0;
395;2025.04.05 02:45;4;7;2.125;1.25;1942;202;0;
396;2025.04.05 03:00;4;6.875;1.875;1.5625;1941;202;0;
397;2025.04.05 03:15;4;6.8125;1.875;1.625;1933;202;0;
398;2025.04.05 03:30;4;6.75;2.375;2.5;1942;202;0;
399;2025.04.05 03:45;4;6.625;2.5625;2.6875;1932;202;0;
400;2025.04.05 04:00;4;6.625;2.75;2.75;1933;202;0;
401;2025.04.05 04:15;4;6.5;2.625;2.5;1940;202;0;
402;2025.04.05 04:30;4;6.5;2.1875;2.25;1936;202;0;
403;2025.04.05 04:45;4;6.375;2.25;2.4375;1930;202;0;
404;2025.04.05 05:00;4;6.3125;2.25;2.25;1926;202;0;
405;2025.04.05 05:15;4;6.25;2.5625;2.625;1926;202;0;
406;2025.04.05 05:30;4;6.25;3;3.25;1927;202;0;
407;2025.04.05 05:45;4;6.1875;3.4375;3.5625;1928;202;0;
408;2025.04.05 06:00;4;6.1875;3.75;4;1935;202;0;
409;2025.04.05 06:15;4;6.25;4.25;4.5;1936;202;0;
410;2025.04.05 06:30;4;6.25;4.5;5.0625;1932;202;0;
411;2025.04.05 06:45;4;6.25;5.75;6.25;1938;202;0;
412;2025.04.05 07:00;4;6.375;6.5625;6.625;1940;202;0;
413;2025.04.05 07:15;4;6.5;6.875;6.75;1929;202;0;
414;2025.04.05 07:30;4;6.625;7.375;7.625;1929;202;0;
415;2025.04.05 07:45;4;6.75;9.25;8.9375;1932;202;0;
416;2025.04.05 08:00;4;7;8.125;8.25;1933;202;0;
417;2025.04.05 08:15;4;7.125;10.75;9.875;1936;202;0;
418;2025.04.05 08:30;4;7.4375;11;10.6875;1936;202;0;
419;2025.04.05 08:45;4;7.75;12.25;11.9375;1938;202;0;
420;2025.04.05 09:00;4;8.125;12.75;11.875;1938;202;0;
421;2025.04.05 09:15;4;8.375;13.125;12.3125;1939;202;0;
422;2025.04.05 09:30;4;8.6875;13;11.9375;1938;202;0;
423;2025.04.05 09:45;4;9;13.5;12;1939;202;0;
424;2025.04.05 10:00;4;9.25;14.375;12.5625;1940;202;0;
425;2025.04.05 10:15;4;9.625;14.875;12;1946;202;0;
426;2025.04.05 10:30;4;9.875;15.125;12.125;1948;202;0;
427;2025.04.05 10:45;4;10.125;15.25;12.5;1946;202;0;
428;2025.04.05 11:00;4;10.375;15.875;12.875;1947;202;0;
429;2025.04.05 11:15;4;10.625;15.875;12.25;1947;202;0;
430;2025.04.05 11:30;4;10.8125;16.3125;12.5625;1947;202;0;
431;2025.04.05 11:45;4;11.0625;16.1875;12.6875;1949;202;0;
432;2025.04.05 12:00;4;11.25;16.25;12.6875;1947;202;0;
433;2025.04.05 12:15;4;11.5;16;12.625;1947;202;0;
434;2025.04.05 12:30;4;11.6875;15.875;12.875;1947;202;0;
435;2025.04.05 12:45;4;11.875;15.4375;12.4375;1948;202;0;
436;2025.04.05 13:00;4;12;15.375;12.625;1947;202;0;
437;2025.04.05 13:15;4;12.125;15.625;13;1947;202;0;
438;2025.04.05 13:30;4;12.25;15.625;13.125;1947;202;0;
439;2025.04.05 13:45;4;12.375;14.75;12.875;1945;202;0;
440;2025.04.05 14:00;4;12.375;14.625;12.625;1944;202;0;
441;2025.04.05 14:15;4;12.5;14.625;13;1944;202;0;
442;2025.04.05 14:30;4;12.5;14.5;12.875;1943;202;0;
443;2025.04.05 14:45;4;12.5625;13.625;11.8125;1941;202;0;
444;2025.04.05 15:00;4;12.5;13.75;12.4375;1941;202;0;
445;2025.04.05 15:15;4;12.5;13.25;12;1939;202;0;
446;2025.04.05 15:30;4;12.375;13.125;11.9375;1938;202;0;
447;2025.04.05 15:45;4;12.3125;12.625;11.25;1936;202;0;
448;2025.04.05 16:00;4;12.1875;11.75;10.875;1933;202;0;
449;2025.04.05 16:15;4;12;11.0625;10.75;1932;202;0;
450;2025.04.05 16:30;4;11.875;10.375;10.5;1929;202;0;
451;2025.04.05 16:45;4;11.625;9.5;9.875;1927;202;0;
452;2025.04.05 17:00;4;11.375;8.75;9.375;1925;202;0;
453;2025.04.05 17:15;4;11.1875;7.3125;6.875;1923;202;0;
454;2025.04.05 17:30;4;10.9375;6.375;6;1922;202;0;
455;2025.04.05 17:45;4;10.625;5.75;5.375;1921;202;0;
456;2025.04.05 18:00;4;10.375;5.375;5;1920;202;0;
457;2025.04.05 18:15;4;10.125;4.75;4.1875;1919;202;0;
458;2025.04.05 18:30;4;9.9375;4.25;3.625;1918;202;0;
459;2025.04.05 18:45;4;9.6875;3.875;3.125;1918;202;0;
460;2025.04.05 19:00;4;9.5;3.375;2.5625;1918;202;0;
461;2025.04.05 19:15;4;9.25;3.25;2.625;1917;202;0;
462;2025.04.05 19:30;4;9.0625;3.125;2.5;1917;202;0;
463;2025.04.05 19:45;4;8.875;2.75;2;1917;202;0;
464;2025.04.05 20:00;4;8.6875;2.5625;1.75;1917;202;0;
465;2025.04.05 20:15;4;8.5;2.125;0.875;1916;202;0;
466;2025.04.05 20:30;4;8.375;1.625;0.125;1915;202;0;
467;2025.04.05 20:45;4;8.1875;1.5625;0.5;1915;202;0;
468;2025.04.05 21:00;4;8;1.25;-0.25;1915;202;0;
469;2025.04.05 21:15;4;7.875;0.9375;-0.5625;1915;202;0;
470;2025.04.05 21:30;4;7.6875;0.6875;-1.125;1915;202;0;
471;2025.04.05 21:45;4;7.5;0.4375;-1.375;1915;202;0;
472;2025.04.05 22:00;4;7.375;0.5;-0.625;1915;202;0;
473;2025.04.05 22:15;4;7.25;0.625;-0.5;1914;202;0;
474;2025.04.05 22:30;4;7.125;0.5;-0.75;1914;202;0;
475;2025.04.05 22:45;4;7;0.375;-1.125;1914;202;0;
476;2025.04.05 23:00;4;6.875;0.125;-1.75;1913;202;0;
477;2025.04.05 23:15;4;6.75;-0.0625;-1.6875;1913;202;0;
478;2025.04.05 23:30;4;6.625;-0.0625;-1.25;1912;202;0;
479;2025.04.05 23:45;4;6.5;-0.25;-2;1912;202;0;
480;2025.04.06 00:00;4;6.375;-0.5;-2.25;1911;202;0;
481;2025.04.06 00:15;4;6.25;-0.625;-2.5;1911;202;0;
482;2025.04.06 00:30;4;6.125;-0.8125;-2.875;1911;202;0;
483;2025.04.06 00:45;4;6;-0.9375;-2.8125;1910;202;0;
484;2025.04.06 01:00;4;5.875;-1;-2.75;1910;202;0;
485;2025.04.06 01:15;4;5.8125;-1.0625;-3.125;1909;202;0;
486;2025.04.06 01:30;4;5.6875;-1.25;-3.3125;1908;202;0;
487;2025.04.06 01:45;4;5.625;-1.3125;-3.3125;1908;202;0;
488;2025.04.06 02:00;4;5.5;-1.4375;-3.375;1908;202;0;
489;2025.04.06 02:15;4;5.375;-1.5;-3.4375;1908;202;0;
490;2025.04.06 02:30;4;5.25;-1.625;-3.375;1907;202;0;
491;2025.04.06 02:45;4;5.1875;-1.75;-3.625;1907;202;0;
492;2025.04.06 03:00;4;5.125;-1.75;-3.75;1907;202;0;
493;2025.04.06 03:15;4;5;-1.875;-3.75;1907;202;0;
494;2025.04.06 03:30;4;4.875;-1.875;-3.8125;1907;202;0;
495;2025.04.06 03:45;4;4.875;-2;-3.875;1906;202;0;
496;2025.04.06 04:00;4;4.75;-2;-3.875;1906;202;0;
497;2025.04.06 04:15;4;4.625;-2.0625;-3.9375;1906;202;0;
498;2025.04.06 04:30;4;4.5625;-2.125;-4;1906;202;0;
499;2025.04.06 04:45;4;4.5;-2;-3.25;1906;202;0;
500;2025.04.06 05:00;4;4.375;-1.75;-2.125;1906;202;0;
501;2025.04.06 05:15;4;4.375;-1.25;-0.75;1906;202;0;
502;2025.04.06 05:30;4;4.375;-0.375;1;1907;202;0;
503;2025.04.06 05:45;4;4.375;0.75;3.4375;1909;202;0;
504;2025.04.06 06:00;4;4.375;2;4.8125;1911;202;0;
505;2025.04.06 06:15;4;4.5;3.25;6.375;1914;202;0;
506;2025.04.06 06:30;4;4.625;5.375;7.9375;1916;202;0;
507;2025.04.06 06:45;4;4.75;7.25;8.75;1917;202;0;
508;2025.04.06 07:00;4;5;8.25;9.25;1918;202;0;
509;2025.04.06 07:15;4;5.25;9.0625;10.1875;1918;202;0;
510;2025.04.06 07:30;4;5.5;10.125;11.25;1920;202;0;
511;2025.04.06 07:45;4;5.75;10.25;11.4375;1921;202;0;
512;2025.04.06 08:00;4;6;10.625;11.5;1922;202;0;
513;2025.04.06 08:15;4;6.3125;10.9375;11.375;1923;202;0;
514;2025.04.06 08:30;4;6.5625;11.1875;11.75;1923;202;0;
515;2025.04.06 08:45;4;6.875;11.625;12;1924;202;0;
516;2025.04.06 09:00;4;7.1875;12.25;11.6875;1925;202;0;
517;2025.04.06 09:15;4;7.5;12.875;12.3125;1926;202;0;
518;2025.04.06 09:30;4;7.8125;13.25;12.3125;1927;202;0;
519;2025.04.06 09:45;4;8.125;13.5;12.625;1927;202;0;
520;2025.04.06 10:00;4;8.4375;14;12.375;1928;202;0;
521;2025.04.06 10:15;4;8.75;15;12.6875;1929;202;0;
522;2025.04.06 10:30;4;9;16.125;13.5625;1931;202;0;
523;2025.04.06 10:45;4;9.375;16.5625;13.25;1932;202;0;
524;2025.04.06 11:00;4;9.625;16.5;14;1932;202;0;
525;2025.04.06 11:15;4;9.875;15.8125;12.625;1931;202;0;
526;2025.04.06 11:30;4;10.125;15.875;12.75;1931;202;0;
527;2025.04.06 11:45;4;10.375;15.5;12.25;1929;202;0;
528;2025.04.06 12:00;4;10.5;15.125;12.3125;1929;202;0;
529;2025.04.06 12:15;4;10.75;15;12.4375;1929;202;0;
530;2025.04.06 12:30;4;10.875;14.9375;12.375;1929;202;0;
531;2025.04.06 12:45;4;11;14.375;12;1927;202;0;
532;2025.04.06 13:00;4;11.125;14.5;11.875;1927;202;0;
533;2025.04.06 13:15;4;11.25;14.375;11.8125;1927;202;0;
534;2025.04.06 13:30;4;11.375;13.875;11.875;1926;202;0;
535;2025.04.06 13:45;4;11.4375;13.5625;12.25;1925;202;0;
536;2025.04.06 14:00;4;11.5;13.3125;11.9375;1925;202;0;
537;2025.04.06 14:15;4;11.5625;13.3125;11.6875;1924;202;0;
538;2025.04.06 14:30;4;11.625;13.5;12.5625;1924;202;0;
539;2025.04.06 14:45;4;11.625;13.9375;12.875;1925;202;0;
540;2025.04.06 15:00;4;11.6875;13;11.8125;1922;202;0;
541;2025.04.06 15:15;4;11.625;12.5;12;1921;202;0;
542;2025.04.06 15:30;4;11.625;12.4375;11.8125;1920;202;0;
543;2025.04.06 15:45;4;11.5625;11.25;10.5;1917;202;0;
544;2025.04.06 16:00;4;11.4375;11.625;11.9375;1917;202;0;
545;2025.04.06 16:15;4;11.3125;11.4375;11.625;1916;202;0;
546;2025.04.06 16:30;4;11.1875;10.9375;11.5;1914;202;0;
547;2025.04.06 16:45;4;11;10.25;11.125;1912;202;0;
548;2025.04.06 17:00;4;10.875;9.6875;11.1875;1911;202;0;
549;2025.04.06 17:15;4;10.75;8.75;8.875;1909;202;0;
550;2025.04.06 17:30;4;10.5625;8.1875;8.25;1908;202;0;
551;2025.04.06 17:45;4;10.375;7.6875;7.375;1907;202;0;
552;2025.04.06 18:00;4;10.25;7.0625;6.625;1906;202;0;
553;2025.04.06 18:15;4;10.0625;6.625;6.125;1905;202;0;
554;2025.04.06 18:30;4;9.875;6.5;5.8125;1905;202;0;
555;2025.04.06 18:45;4;9.75;6.25;5.625;1904;202;0;
556;2025.04.06 19:00;4;9.625;6;5.25;1904;202;0;
557;2025.04.06 19:15;4;9.5;5.875;5.25;1904;202;0;
558;2025.04.06 19:30;4;9.375;6;5.5;1904;202;0;
559;2025.04.06 19:45;4;9.25;5.9375;5.375;1903;202;0;
560;2025.04.06 20:00;4;9.125;5.8125;5.25;1903;202;0;
561;2025.04.06 20:15;4;9;5.625;5;1902;202;0;
562;2025.04.06 20:30;4;8.875;4.875;4.25;1901;202;0;
563;2025.04.06 20:45;4;8.75;3.875;3.125;1900;202;0;
564;2025.04.06 21:00;4;8.625;3.625;3;1899;202;0;
565;2025.04.06 21:15;4;8.375;3.1875;2.375;1899;202;0;
566;2025.04.06 21:30;4;8.25;2.625;1.5;1898;202;0;
567;2025.04.06 21:45;4;8.125;2.1875;0.6875;1898;202;0;
568;2025.04.06 22:00;4;7.9375;1.8125;0.1875;1898;202;0;
569;2025.04.06 22:15;4;7.75;1.5;-0.375;1898;202;0;
570;2025.04.06 22:30;4;7.625;1.25;-0.6875;1898;202;0;
571;2025.04.06 22:45;4;7.4375;1.125;-0.75;1898;202;0;
572;2025.04.06 23:00;4;7.3125;0.9375;-0.875;1898;202;0;
573;2025.04.06 23:15;4;7.125;0.8125;-1.125;1898;202;0;
574;2025.04.06 23:30;4;7;0.625;-1.375;1898;202;0;
575;2025.04.06 23:45;4;6.875;0.5;-1.4375;1898;202;0;
576;2025.04.07 00:00;4;6.75;0.375;-1.5;1898;202;0;
577;2025.04.07 00:15;4;6.625;0.375;-1.4375;1897;202;0;
578;2025.04.07 00:30;4;6.5;0.25;-1.5;1897;202;0;
579;2025.04.07 00:45;4;6.375;0.125;-1.5;1897;202;0;
580;2025.04.07 01:00;4;6.3125;0.9375;0.625;1897;202;0;
581;2025.04.07 01:15;4;6.25;1.0625;0.5;1898;202;0;
582;2025.04.07 01:30;4;6.1875;1.125;0.8125;1897;202;0;
583;2025.04.07 01:45;4;6.125;1;0.625;1897;202;0;
584;2025.04.07 02:00;4;6.0625;0.875;0.375;1897;202;0;
585;2025.04.07 02:15;4;6;0.5625;-0.5625;1896;202;0;
586;2025.04.07 02:30;4;5.875;0.5625;-0.0625;1896;202;0;
587;2025.04.07 02:45;4;5.8125;0.5;-0.375;1896;202;0;
588;2025.04.07 03:00;4;5.75;0.5;-0.25;1896;202;0;
589;2025.04.07 03:15;4;5.6875;0.6875;0.25;1896;202;0;
590;2025.04.07 03:30;4;5.625;1.5;1.375;1897;202;0;
591;2025.04.07 03:45;4;5.5625;0.875;0;1896;202;0;
592;2025.04.07 04:00;4;5.5;0.75;0.3125;1896;202;0;
593;2025.04.07 04:15;4;5.5;1.125;1.125;1896;202;0;
594;2025.04.07 04:30;4;5.375;1.625;1.75;1896;202;0;
595;2025.04.07 04:45;4;5.375;1.875;1.875;1896;202;0;
596;2025.04.07 05:00;4;5.375;2;2.125;1896;202;0;
597;2025.04.07 05:15;4;5.375;2.4375;3.6875;1896;202;0;
598;2025.04.07 05:30;4;5.375;3.125;5.375;1897;202;0;
599;2025.04.07 05:45;4;5.375;3.875;6.375;1898;202;0;
600;2025.04.07 06:00;4;5.375;5;7.625;1899;202;0;
601;2025.04.07 06:15;4;5.5;6;8.5;1900;202;0;
602;2025.04.07 06:30;4;5.625;7.375;9.375;1901;202;0;
603;2025.04.07 06:45;4;5.875;8.625;9.75;1903;202;0;
604;2025.04.07 07:00;4;6;7.75;8.0625;1902;202;0;
605;2025.04.07 07:15;4;6.1875;7.5;8.375;1901;202;0;
606;2025.04.07 07:30;4;6.375;9.25;10.375;1904;202;0;
607;2025.04.07 07:45;4;6.5625;9.9375;10.125;1906;202;0;
608;2025.04.07 08:00;4;6.75;9.625;9.6875;1906;202;0;
609;2025.04.07 08:15;4;7;8.9375;9.125;1905;202;0;
610;2025.04.07 08:30;4;7.125;9.875;9.875;1907;202;0;
611;2025.04.07 08:45;4;7.375;9.5;9.125;1906;202;0;
612;2025.04.07 09:00;4;7.5;10.125;10.5625;1907;202;0;
613;2025.04.07 09:15;4;7.75;12.0625;12.0625;1910;202;0;
614;2025.04.07 09:30;4;8;11;10.375;1908;202;0;
615;2025.04.07 09:45;4;8.25;13.125;12.5;1912;202;0;
616;2025.04.07 10:00;4;8.625;13.5;12;1913;202;0;
617;2025.04.07 10:15;4;8.9375;14.625;12.8125;1915;202;0;
618;2025.04.07 10:30;4;9.25;14.4375;12.4375;1915;202;0;
619;2025.04.07 10:45;4;9.5625;15.1875;12.875;1917;202;0;
620;2025.04.07 11:00;4;9.875;15.875;13.125;1918;202;0;
621;2025.04.07 11:15;4;10.125;15.875;12.8125;1919;202;0;
622;2025.04.07 11:30;4;10.375;16.25;13.125;1919;202;0;
623;2025.04.07 11:45;4;10.625;16.25;13.5;1919;202;0;
624;2025.04.07 12:00;4;10.875;16.25;14;1919;202;0;
625;2025.04.07 12:15;4;11.125;16.25;13.75;1919;202;0;
626;2025.04.07 12:30;4;11.3125;16.125;14.1875;1920;202;0;
627;2025.04.07 12:45;4;11.5625;16.625;14.625;1921;202;0;
628;2025.04.07 13:00;4;11.75;17.125;15;1921;202;0;
629;2025.04.07 13:15;4;12;17.1875;15;1921;202;0;
630;2025.04.07 13:30;4;12.125;16.75;15.3125;1921;202;0;
631;2025.04.07 13:45;4;12.25;16.375;15.1875;1920;202;0;
632;2025.04.07 14:00;4;12.375;15.9375;15;1920;202;0;
633;2025.04.07 14:15;4;12.5;16.5;15.5;1920;202;0;
634;2025.04.07 14:30;4;12.625;16.625;15.75;1920;202;0;
635;2025.04.07 14:45;4;12.625;16.125;15.6875;1919;202;0;
636;2025.04.07 15:00;4;12.625;15.75;15.3125;1918;202;0;
637;2025.04.07 15:15;4;12.625;15.625;15.25;1917;202;0;
638;2025.04.07 15:30;4;12.625;15.75;15.5;1916;202;0;
639;2025.04.07 15:45;4;12.625;15;14.6875;1914;202;0;
640;2025.04.07 16:00;4;12.5;14.1875;14.625;1912;202;0;
641;2025.04.07 16:15;4;12.375;13.8125;14.75;1910;202;0;
642;2025.04.07 16:30;4;12.25;13.4375;14.8125;1909;202;0;
643;2025.04.07 16:45;4;12.125;12.375;14.0625;1906;202;0;
644;2025.04.07 17:00;4;12;11.5625;13.5;1904;202;0;
645;2025.04.07 17:15;4;11.75;10.25;11.25;1902;202;0;
646;2025.04.07 17:30;4;11.5625;8.875;9;1899;202;0;
647;2025.04.07 17:45;4;11.375;7.5;6.75;1897;202;0;
648;2025.04.07 18:00;4;11.125;6.5;5.4375;1896;202;0;
649;2025.04.07 18:15;4;10.875;5.5625;4.0625;1895;202;0;
650;2025.04.07 18:30;4;10.625;5.0625;3.75;1895;202;0;
651;2025.04.07 18:45;4;10.375;5.125;4.6875;1895;202;0;
652;2025.04.07 19:00;4;10.125;4.75;3.625;1894;202;0;
653;2025.04.07 19:15;4;9.9375;4.25;2.75;1894;202;0;
654;2025.04.07 19:30;4;9.75;3.875;2.5;1893;202;0;
655;2025.04.07 19:45;4;9.5;3.75;2.5;1893;202;0;
656;2025.04.07 20:00;4;9.3125;3.3125;1.5;1892;202;0;
657;2025.04.07 20:15;4;9.125;2.9375;1.125;1892;202;0;
658;2025.04.07 20:30;4;8.9375;2.875;1.5;1892;202;0;
659;2025.04.07 20:45;4;8.75;2.75;1.25;1892;202;0;
660;2025.04.07 21:00;4;8.625;2.625;1.25;1891;202;0;
661;2025.04.07 21:15;4;8.5;2.75;1.5;1892;202;0;
662;2025.04.07 21:30;4;8.3125;2.25;0.5;1891;202;0;
663;2025.04.07 21:45;4;8.125;2.125;0.625;1890;202;0;
664;2025.04.07 22:00;4;8;1.875;0;1890;202;0;
665;2025.04.07 22:15;4;7.875;1.75;0;1890;202;0;
666;2025.04.07 22:30;4;7.75;1.625;-0.375;1889;202;0;
667;2025.04.07 22:45;4;7.625;1.625;-0.125;1889;202;0;
668;2025.04.07 23:00;4;7.5;2.3125;1.4375;1890;202;0;
669;2025.04.07 23:15;4;7.375;3.0625;2.25;1891;202;0;
670;2025.04.07 23:30;4;7.375;3;1.625;1891;202;0;
671;2025.04.07 23:45;4;7.3125;2.75;2;1890;202;0;
672;2025.04.08 00:00;4;7.25;2.5;1.375;1890;202;0;
673;2025.04.08 00:15;4;7.125;2.25;0.9375;1889;202;0;
674;2025.04.08 00:30;4;7.0625;1.875;0.1875;1888;202;0;
675;2025.04.08 00:45;4;7;1.5;0;1888;202;0;
676;2025.04.08 01:00;4;6.875;1.3125;-0.375;1887;202;0;
677;2025.04.08 01:15;4;6.75;1.25;-0.4375;1887;202;0;
678;2025.04.08 01:30;4;6.625;1.125;-0.4375;1887;202;0;
679;2025.04.08 01:45;4;6.5625;1.25;-0.25;1887;202;0;
680;2025.04.08 02:00;4;6.5;1.625;0.25;1887;202;0;
681;2025.04.08 02:15;4;6.4375;2.125;1.0625;1888;202;0;
682;2025.04.08 02:30;4;6.375;2.25;1;1888;202;0;
683;2025.04.08 02:45;4;6.375;1.9375;0.375;1887;202;0;
684;2025.04.08 03:00;4;6.3125;1.4375;-0.25;1887;202;0;
685;2025.04.08 03:15;4;6.25;1.25;-0.125;1886;202;0;
686;2025.04.08 03:30;4;6.125;1.4375;0.125;1886;202;0;
687;2025.04.08 03:45;4;6.125;1.6875;0.375;1887;202;0;
688;2025.04.08 04:00;4;6.0625;2.125;1;1887;202;0;
689;2025.04.08 04:15;4;6.0625;2.125;0.875;1887;202;0;
690;2025.04.08 04:30;4;6;1.9375;0.5625;1887;202;0;
691;2025.04.08 04:45;4;6;1.75;0.3125;1886;202;0;
692;2025.04.08 05:00;4;5.9375;1.5;0.125;1886;202;0;
693;2025.04.08 05:15;4;5.875;1.625;1.125;1886;202;0;
694;2025.04.08 05:30;4;5.875;1.9375;2.125;1886;202;0;
695;2025.04.08 05:45;4;5.8125;3.4375;5.25;1888;202;0;
696;2025.04.08 06:00;4;5.875;5.25;8;1890;202;0;
697;2025.04.08 06:15;4;6;6.5625;9.25;1891;202;0;
698;2025.04.08 06:30;4;6.125;7.625;9.75;1891;202;0;
699;2025.04.08 06:45;4;6.25;8.875;10.4375;1893;202;0;
700;2025.04.08 07:00;4;6.4375;9.75;11.125;1894;202;0;
701;2025.04.08 07:15;4;6.625;10.5;11.625;1895;202;0;
702;2025.04.08 07:30;4;6.875;11.375;12.375;1896;202;0;
703;2025.04.08 07:45;4;7.125;12.5;13;1898;202;0;
704;2025.04.08 08:00;4;7.5;13.5;14.25;1900;202;0;
705;2025.04.08 08:15;4;7.75;13.9375;14.125;1901;202;0;
706;2025.04.08 08:30;4;8.125;14.625;14.75;1903;202;0;
707;2025.04.08 08:45;4;8.4375;14.75;14.75;1904;202;0;
708;2025.04.08 09:00;4;8.75;15.125;15.25;1905;202;0;
709;2025.04.08 09:15;4;9.125;15.625;15.625;1906;202;0;
710;2025.04.08 09:30;4;9.375;16;15.375;1907;202;0;
711;2025.04.08 09:45;4;9.75;16.375;16;1908;202;0;
712;2025.04.08 10:00;4;10.0625;17.1875;16.125;1910;202;0;
713;2025.04.08 10:15;4;10.375;18.0625;16.625;1912;202;0;
714;2025.04.08 10:30;4;10.75;19;16.75;1913;202;0;
715;2025.04.08 10:45;4;11;19.25;16.5;1914;202;0;
716;2025.04.08 11:00;4;11.3125;19.75;16.75;1915;202;0;
717;2025.04.08 11:15;4;11.625;20.375;17.5625;1916;202;0;
718;2025.04.08 11:30;4;11.875;19.75;16.8125;1915;202;0;
719;2025.04.08 11:45;4;12.125;19.875;17.375;1915;202;0;
720;2025.04.08 12:00;4;12.3125;19.375;17;1914;202;0;
721;2025.04.08 12:15;4;12.5;19.625;17.5625;1914;202;0;
722;2025.04.08 12:30;4;12.75;19.5;17.5625;1914;202;0;
723;2025.04.08 12:45;4;12.875;18.75;17.0625;1913;202;0;
724;2025.04.08 13:00;4;13.0625;19.125;17.8125;1914;202;0;
725;2025.04.08 13:15;4;13.25;19.4375;17.125;1913;202;0;
726;2025.04.08 13:30;4;13.375;18.1875;16.375;1911;202;0;
727;2025.04.08 13:45;4;13.4375;18;16.9375;1911;202;0;
728;2025.04.08 14:00;4;13.5;17.75;17.125;1911;202;0;
729;2025.04.08 14:15;4;13.625;18.125;17.125;1910;202;0;
730;2025.04.08 14:30;4;13.625;18.25;17.25;1909;202;0;
731;2025.04.08 14:45;4;13.6875;17.3125;16.75;1908;202;0;
732;2025.04.08 15:00;4;13.6875;16.625;16.5625;1906;202;0;
733;2025.04.08 15:15;4;13.625;16.25;16.25;1905;202;0;
734;2025.04.08 15:30;4;13.625;16.3125;16.25;1904;202;0;
735;2025.04.08 15:45;4;13.5;15;14.5;1902;202;0;
736;2025.04.08 16:00;4;13.375;13.875;14.125;1899;202;0;
737;2025.04.08 16:15;4;13.25;14.125;14.375;1898;202;0;
738;2025.04.08 16:30;4;13.125;12.625;12.5;1895;202;0;
739;2025.04.08 16:45;4;13;11.875;11.5;1893;202;0;
740;2025.04.08 17:00;4;12.75;11.375;11;1892;202;0;
741;2025.04.08 17:15;4;12.625;11.125;10.875;1891;202;0;
742;2025.04.08 17:30;4;12.5;10.75;10.5;1889;202;0;
743;2025.04.08 17:45;4;12.3125;9.9375;9.5625;1888;202;0;
744;2025.04.08 18:00;4;12.125;8.875;8.25;1886;202;0;
745;2025.04.08 18:15;4;11.875;7.625;6.3125;1884;202;0;
746;2025.04.08 18:30;4;11.625;6.625;4.75;1883;202;0;
747;2025.04.08 18:45;4;11.375;6.25;4.25;1882;202;0;
748;2025.04.08 19:00;4;11.125;5.875;4;1882;202;0;
749;2025.04.08 19:15;4;10.875;6;4.375;1882;202;0;
750;2025.04.08 19:30;4;10.75;6.25;4.75;1882;202;0;
751;2025.04.08 19:45;4;10.625;6.5;5.1875;1882;202;0;
752;2025.04.08 20:00;4;10.5;7;5.75;1883;202;0;
753;2025.04.08 20:15;4;10.375;7.25;6.0625;1882;202;0;
754;2025.04.08 20:30;4;10.3125;7.25;5.9375;1882;202;0;
755;2025.04.08 20:45;4;10.25;7.25;6.125;1881;202;0;
756;2025.04.08 21:00;4;10.125;7.1875;6;1881;202;0;
757;2025.04.08 21:15;4;10.0625;7;5.75;1880;202;0;
758;2025.04.08 21:30;4;10;6.75;5.875;1880;202;0;
759;2025.04.08 21:45;4;9.875;6.375;5.25;1879;202;0;
760;2025.04.08 22:00;4;9.75;5.625;4.25;1878;202;0;
761;2025.04.08 22:15;4;9.625;4.875;3.625;1877;202;0;
762;2025.04.08 22:30;4;9.5;4.375;3.25;1876;202;0;
763;2025.04.08 22:45;4;9.3125;4.125;2.625;1876;202;0;
764;2025.04.08 23:00;4;9.125;3.75;2;1875;202;0;
765;2025.04.08 23:15;4;9;3.4375;1.375;1875;202;0;
766;2025.04.08 23:30;4;8.875;3.125;1.0625;1875;202;0;
767;2025.04.08 23:45;4;8.6875;3;1;1875;202;0;
768;2025.04.09 00:00;4;8.5;2.8125;0.6875;1875;202;0;
769;2025.04.09 00:15;4;8.375;2.625;0.625;1874;202;0;
770;2025.04.09 00:30;4;8.25;2.5;0.5;1874;202;0;
771;2025.04.09 00:45;4;8.125;2.375;0.25;1873;202;0;
772;2025.04.09 01:00;4;8;2.25;0.25;1873;202;0;
773;2025.04.09 01:15;4;7.875;2.1875;0.125;1873;202;0;
774;2025.04.09 01:30;4;7.75;2;-0.125;1872;202;0;
775;2025.04.09 01:45;4;7.625;1.875;-0.25;1872;202;0;
776;2025.04.09 02:00;4;7.5;1.75;-0.375;1872;202;0;
777;2025.04.09 02:15;4;7.4375;1.625;-0.5;1872;202;0;
778;2025.04.09 02:30;4;7.3125;1.5;-0.75;1872;202;0;
779;2025.04.09 02:45;4;7.25;1.375;-0.5625;1871;202;0;
780;2025.04.09 03:00;4;7.125;1.3125;-0.75;1871;202;0;
781;2025.04.09 03:15;4;7;1.25;-0.75;1871;202;0;
782;2025.04.09 03:30;4;6.875;1.25;-0.6875;1871;202;0;
783;2025.04.09 03:45;4;6.875;1.1875;-0.5;1871;202;0;
784;2025.04.09 04:00;4;6.75;1.125;-0.625;1871;202;0;
785;2025.04.09 04:15;4;6.625;0.9375;-0.8125;1870;202;0;
786;2025.04.09 04:30;4;6.5625;1;-0.3125;1870;202;0;
787;2025.04.09 04:45;4;6.5;1.125;-0.125;1869;202;0;
788;2025.04.09 05:00;4;6.4375;1.4375;1.375;1870;202;0;
789;2025.04.09 05:15;4;6.375;2.375;3.6875;1871;202;0;
790;2025.04.09 05:30;4;6.375;3.625;5.5;1872;202;0;
791;2025.04.09 05:45;4;6.4375;4.5;7.125;1873;202;0;
792;2025.04.09 06:00;4;6.5;5.5;8.25;1874;202;0;
793;2025.04.09 06:15;4;6.625;6.375;7.5;1874;202;0;
794;2025.04.09 06:30;4;6.75;6.375;6;1874;202;0;
795;2025.04.09 06:45;4;6.875;6.5;6.125;1874;202;0;
796;2025.04.09 07:00;4;7;6.625;6.25;1874;202;0;
797;2025.04.09 07:15;4;7.0625;6.875;6.5;1874;202;0;
798;2025.04.09 07:30;4;7.125;7.25;6.9375;1875;202;0;
799;2025.04.09 07:45;4;7.25;7.75;7.375;1876;202;0;
800;2025.04.09 08:00;4;7.4375;8.375;8.3125;1877;202;0;
801;2025.04.09 08:15;4;7.6875;11.1875;11.5;1882;202;0;
802;2025.04.09 08:30;4;8;10.875;10.9375;1882;202;0;
803;2025.04.09 08:45;4;8.25;10.4375;10.4375;1881;202;0;
804;2025.04.09 09:00;4;8.4375;11.625;12.25;1883;202;0;
805;2025.04.09 09:15;4;8.75;12.375;12.5;1885;202;0;
806;2025.04.09 09:30;4;9;13.125;13.25;1886;202;0;
807;2025.04.09 09:45;4;9.3125;13;12.625;1887;202;0;
808;2025.04.09 10:00;4;9.625;12.375;11.125;1886;202;0;
809;2025.04.09 10:15;4;9.75;13.375;12.5;1887;202;0;
810;2025.04.09 10:30;4;10;13.6875;12.25;1887;202;0;
811;2025.04.09 10:45;4;10.25;14.9375;13.125;1890;202;0;
812;2025.04.09 11:00;4;10.5;14.625;12.625;1890;202;0;
813;2025.04.09 11:15;4;10.75;14.5;12.875;1889;202;0;
814;2025.04.09 11:30;4;10.875;13.1875;11.6875;1887;202;0;
815;2025.04.09 11:45;4;11;13.375;12.375;1887;202;0;
816;2025.04.09 12:00;4;11.125;13.25;12;1886;202;0;
817;2025.04.09 12:15;4;11.25;13.625;12.625;1887;202;0;
818;2025.04.09 12:30;4;11.375;13.375;12.25;1886;202;0;
819;2025.04.09 12:45;4;11.4375;13.625;12.5;1886;202;0;
820;2025.04.09 13:00;4;11.5;13.3125;12.25;1885;202;0;
821;2025.04.09 13:15;4;11.625;13;12;1884;202;0;
822;2025.04.09 13:30;4;11.625;14.3125;13.375;1886;202;0;
823;2025.04.09 13:45;4;11.75;14.3125;13.625;1886;202;0;
824;2025.04.09 14:00;4;11.875;14.25;13.6875;1886;202;0;
825;2025.04.09 14:15;4;12;14.6875;14.125;1886;202;0;
826;2025.04.09 14:30;4;12.0625;13.5;12.875;1884;202;0;
827;2025.04.09 14:45;4;12.0625;12.875;13;1882;202;0;
828;2025.04.09 15:00;4;12.0625;14;14.5;1884;202;0;
829;2025.04.09 15:15;4;12.0625;13.5;13.375;1883;202;0;
830;2025.04.09 15:30;4;12.0625;14;14.25;1883;202;0;
831;2025.04.09 15:45;4;12.125;13.25;13.125;1881;202;0;
832;2025.04.09 16:00;4;12;12.125;12.125;1879;202;0;
833;2025.04.09 16:15;4;11.875;11.8125;12.375;1878;202;0;
834;2025.04.09 16:30;4;11.8125;11.6875;12.5;1877;202;0;
835;2025.04.09 16:45;4;11.75;11.25;12.125;1876;202;0;
836;2025.04.09 17:00;4;11.625;10.9375;12.125;1875;202;0;
837;2025.04.09 17:15;4;11.5;10.25;10.625;1873;202;0;
838;2025.04.09 17:30;4;11.375;9.5;9.375;1871;202;0;
839;2025.04.09 17:45;4;11.25;8.9375;8.625;1870;202;0;
840;2025.04.09 18:00;4;11.125;8.875;8.5;1870;202;0;
841;2025.04.09 18:15;4;11;8.75;8.5;1869;202;0;
842;2025.04.09 18:30;4;10.875;8.4375;8.125;1869;202;0;
843;2025.04.09 18:45;4;10.6875;7.75;7.125;1867;202;0;
844;2025.04.09 19:00;4;10.5625;7.0625;5.6875;1866;202;0;
845;2025.04.09 19:15;4;10.375;6.25;4.625;1865;202;0;
846;2025.04.09 19:30;4;10.25;5.625;4.375;1865;202;0;
847;2025.04.09 19:45;4;10;5.4375;4.375;1864;202;0;
848;2025.04.09 20:00;4;9.875;5.125;3.9375;1864;202;0;
849;2025.04.09 20:15;4;9.75;5.0625;4.125;1863;202;0;
850;2025.04.09 20:30;4;9.5625;4.875;3.9375;1863;202;0;
851;2025.04.09 20:45;4;9.375;4.75;3.5;1863;202;0;
852;2025.04.09 21:00;4;9.25;4.4375;2.75;1862;202;0;
853;2025.04.09 21:15;4;9.125;4.75;3.75;1862;202;0;
854;2025.04.09 21:30;4;9.0625;4.875;3.625;1862;202;0;
855;2025.04.09 21:45;4;8.9375;5;3.625;1862;202;0;
856;2025.04.09 22:00;4;8.875;4.625;3.125;1862;202;0;
857;2025.04.09 22:15;4;8.75;4;2.25;1860;202;0;
858;2025.04.09 22:30;4;8.625;3.5;1.6875;1860;202;0;
859;2025.04.09 22:45;4;8.5;3.1875;1.625;1859;202;0;
860;2025.04.09 23:00;4;8.375;3.125;2.125;1859;202;0;
861;2025.04.09 23:15;4;8.25;2.9375;1.375;1859;202;0;
862;2025.04.09 23:30;4;8.125;2.75;0.875;1859;202;0;
863;2025.04.09 23:45;4;8;2.5625;0.75;1859;202;0;
864;2025.04.10 00:00;4;7.875;2.4375;0.6875;1859;202;0;
865;2025.04.10 00:15;4;7.75;2.3125;0.125;1858;202;0;
866;2025.04.10 00:30;4;7.625;2;-0.25;1858;202;0;
867;2025.04.10 00:45;4;7.5;1.75;-0.5;1858;202;0;
868;2025.04.10 01:00;4;7.375;1.625;-0.5;1857;202;0;
869;2025.04.10 01:15;4;7.25;1.5;-0.625;1857;202;0;
870;2025.04.10 01:30;4;7.1875;1.375;-0.875;1857;202;0;
871;2025.04.10 01:45;4;7.0625;1.25;-0.875;1857;202;0;
872;2025.04.10 02:00;4;7;1.125;-1.125;1857;202;0;
873;2025.04.10 02:15;4;6.875;1.0625;-1.125;1856;202;0;
874;2025.04.10 02:30;4;6.75;1;-1.3125;1856;202;0;
875;2025.04.10 02:45;4;6.625;0.8125;-1.625;1855;202;0;
876;2025.04.10 03:00;4;6.5625;0.6875;-1.625;1855;202;0;
877;2025.04.10 03:15;4;6.5;0.625;-1.625;1855;202;0;
878;2025.04.10 03:30;4;6.375;0.5;-1.625;1855;202;0;
879;2025.04.10 03:45;4;6.25;0.375;-1.9375;1855;202;0;
880;2025.04.10 04:00;4;6.1875;0.25;-2.25;1854;202;0;
881;2025.04.10 04:15;4;6.125;0.125;-2.375;1854;202;0;
882;2025.04.10 04:30;4;6;0.125;-2;1854;202;0;
883;2025.04.10 04:45;4;5.875;0.25;-1;1854;202;0;
884;2025.04.10 05:00;4;5.875;0.625;0.5;1855;202;0;
885;2025.04.10 05:15;4;5.8125;1.375;3.125;1855;202;0;
886;2025.04.10 05:30;4;5.8125;2.5;5.5;1857;202;0;
887;2025.04.10 05:45;4;5.875;3.625;7.625;1857;202;0;
888;2025.04.10 06:00;4;5.9375;4.5;7.75;1858;202;0;
889;2025.04.10 06:15;4;6;5.5;9.75;1859;202;0;
890;2025.04.10 06:30;4;6.125;5.25;7.0625;1858;202;0;
891;2025.04.10 06:45;4;6.1875;7.5;12.4375;1861;202;0;
892;2025.04.10 07:00;4;6.375;9.75;13.25;1863;202;0;
893;2025.04.10 07:15;4;6.5625;10.625;13.25;1864;202;0;
894;2025.04.10 07:30;4;6.8125;11.4375;14.125;1865;202;0;
895;2025.04.10 07:45;4;7;12;14.5;1867;202;0;
896;2025.04.10 08:00;4;7.3125;12.375;14.6875;1868;202;0;
897;2025.04.10 08:15;4;7.5625;12.625;14.5;1869;202;0;
898;2025.04.10 08:30;4;7.875;13.125;14.875;1870;202;0;
899;2025.04.10 08:45;4;8.125;13.375;15.5625;1871;202;0;
900;2025.04.10 09:00;4;8.375;13.9375;15.75;1872;202;0;
901;2025.04.10 09:15;4;8.6875;14.625;16;1873;202;0;
902;2025.04.10 09:30;4;9;14.875;16.125;1873;202;0;
903;2025.04.10 09:45;4;9.25;15.25;16.1875;1874;202;0;
904;2025.04.10 10:00;4;9.625;16.125;16.25;1875;202;0;
905;2025.04.10 10:15;4;9.875;16.375;16;1876;202;0;
906;2025.04.10 10:30;4;10.25;17.1875;16.375;1877;202;0;
907;2025.04.10 10:45;4;10.5;17.625;16;1878;202;0;
908;2025.04.10 11:00;4;10.8125;18;16.3125;1879;202;0;
909;2025.04.10 11:15;4;11.125;18.75;16.375;1880;202;0;
910;2025.04.10 11:30;4;11.375;18.6875;16.5625;1880;202;0;
911;2025.04.10 11:45;4;11.625;19;17.0625;1881;202;0;
912;2025.04.10 12:00;4;11.875;18.75;16.75;1880;202;0;
913;2025.04.10 12:15;4;12.125;19.0625;17.125;1881;202;0;
914;2025.04.10 12:30;4;12.375;19.1875;17.625;1881;202;0;
915;2025.04.10 12:45;4;12.625;18.25;16.1875;1879;202;0;
916;2025.04.10 13:00;4;12.75;18;17;1879;202;0;
917;2025.04.10 13:15;4;12.875;17.8125;17;1878;202;0;
918;2025.04.10 13:30;4;13;17;15.75;1877;202;0;
919;2025.04.10 13:45;4;13.0625;17.25;16.5;1877;202;0;
920;2025.04.10 14:00;4;13.125;16.875;16.6875;1876;202;0;
921;2025.04.10 14:15;4;18;17.625;18.4375;389;202;0;
922;2025.04.10 14:30;4;19.5;19.0625;21;446;202;0;
