0;2025.04.01 00:00;4;4.5;4.75;4.25;362;202;0;
1;2025.04.01 00:15;4;4.375;4.625;4.125;362;202;0;
2;2025.04.01 00:30;4;4.25;4.4375;4;361;202;0;
3;2025.04.01 00:45;4;4.125;4.3125;3.875;361;202;0;
4;2025.04.01 01:00;4;4;4.1875;3.75;360;202;0;
5;2025.04.01 01:15;4;3.875;4.0625;3.625;360;202;0;
6;2025.04.01 01:30;4;3.75;3.9375;3.5625;359;202;0;
7;2025.04.01 01:45;4;3.625;3.875;3.5;359;202;0;
8;2025.04.01 02:00;4;3.5;3.75;3.375;358;202;0;
9;2025.04.01 02:15;4;3.4375;3.625;3.25;358;202;0;
10;2025.04.01 02:30;4;3.375;3.5;3.1875;357;202;0;
11;2025.04.01 02:45;4;3.25;3.375;3.125;357;202;0;
12;2025.04.01 03:00;4;3.125;3.3125;3;357;202;0;
13;2025.04.01 03:15;4;3;3.25;2.9375;356;202;0;
14;2025.04.01 03:30;4;3;3.125;2.875;356;202;0;
15;2025.04.01 03:45;4;2.875;3.0625;2.875;356;202;0;
16;2025.04.01 04:00;4;2.875;3;2.75;355;202;0;
17;2025.04.01 04:15;4;2.6875;2.875;2.5625;355;202;0;
18;2025.04.01 04:30;4;2.5625;2.75;2.4375;355;202;0;
19;2025.04.01 04:45;4;2.5;2.6875;2.375;354;202;0;
20;2025.04.01 05:00;4;2.5;2.625;2.5;354;202;0;
21;2025.04.01 05:15;4;2.5625;2.625;2.625;354;202;0;
22;2025.04.01 05:30;4;2.6875;2.6875;2.9375;355;202;0;
23;2025.04.01 05:45;4;3;2.875;3.5;356;202;0;
24;2025.04.01 06:00;4;3.5;3.25;4.1875;357;202;0;
25;2025.04.01 06:15;4;4;3.625;4.875;359;202;0;
26;2025.04.01 06:30;4;4.625;4.125;5.625;362;202;0;
27;2025.04.01 06:45;4;5.25;4.75;6.375;364;202;0;
28;2025.04.01 07:00;4;5.9375;5.3125;7.0625;367;202;0;
29;2025.04.01 07:15;4;6.625;6;7.875;370;202;0;
30;2025.04.01 07:30;4;7.375;6.6875;8.625;373;202;0;
31;2025.04.01 07:45;4;8.125;7.375;9.375;376;202;0;
32;2025.04.01 08:00;4;8.75;8.125;10.0625;379;202;0;
33;2025.04.01 08:15;4;9.375;8.75;10.625;382;202;0;
34;2025.04.01 08:30;4;10;9.375;11.25;384;202;0;
35;2025.04.01 08:45;4;10.5;10;11.75;386;202;0;
36;2025.04.01 09:00;4;11;10.5;12.1875;389;202;0;
37;2025.04.01 09:15;4;11.5;11;12.625;391;202;0;
38;2025.04.01 09:30;4;11.875;11.5;13;393;202;0;
39;2025.04.01 09:45;4;12.25;11.875;13.25;394;202;0;
40;2025.04.01 10:00;4;12.5;12.1875;13.3125;395;202;0;
41;2025.04.01 10:15;4;12.75;12.5;13.375;396;202;0;
42;2025.04.01 10:30;4;12.875;12.6875;13.4375;397;202;0;
43;2025.04.01 10:45;4;13;12.875;13.5;398;202;0;
44;2025.04.01 11:00;4;13.125;13;13.5;398;202;0;
45;2025.04.01 11:15;4;13.25;13.125;13.625;399;202;0;
46;2025.04.01 11:30;4;13.375;13.25;13.75;399;202;0;
47;2025.04.01 11:45;4;13.5625;13.375;13.875;400;202;0;
48;2025.04.01 12:00;4;13.625;13.5;13.9375;400;202;0;
49;2025.04.01 12:15;4;13.75;13.625;14;400;202;0;
50;2025.04.01 12:30;4;13.8125;13.75;14.125;401;202;0;
51;2025.04.01 12:45;4;13.9375;13.875;14.1875;401;202;0;
52;2025.04.01 13:00;4;14.125;13.9375;14.3125;402;202;0;
53;2025.04.01 13:15;4;14.25;14.125;14.4375;402;202;0;
54;2025.04.01 13:30;4;14.5;14.25;14.625;403;202;0;
55;2025.04.01 13:45;4;14.875;14.5;15;404;202;0;
56;2025.04.01 14:00;4;15.375;14.75;15.5625;406;202;0;
57;2025.04.01 14:15;4;15.8125;15.1875;16;408;202;0;
58;2025.04.01 14:30;4;16.125;15.5625;16.375;409;202;0;
59;2025.04.01 14:45;4;16.375;15.875;16.625;411;202;0;
60;2025.04.01 15:00;4;16.5;16.125;16.75;412;202;0;
61;2025.04.01 15:15;4;16.625;16.375;16.875;412;202;0;
62;2025.04.01 15:30;4;16.75;16.5625;17;413;202;0;
63;2025.04.01 15:45;4;16.75;16.625;17;413;202;0;
64;2025.04.01 16:00;4;16.75;16.75;16.9375;413;202;0;
65;2025.04.01 16:15;4;16.625;16.75;16.8125;413;202;0;
66;2025.04.01 16:30;4;16.5625;16.6875;16.75;413;202;0;
67;2025.04.01 16:45;4;15.875;16.5;16.375;411;202;0;
68;2025.04.01 17:00;4;15.3125;16.125;15.75;409;202;0;
69;2025.04.01 17:15;4;15.1875;15.8125;15.25;408;202;0;
70;2025.04.01 17:30;4;15;15.5;14.9375;407;202;0;
71;2025.04.01 17:45;4;14.75;15.125;14.625;406;202;0;
72;2025.04.01 18:00;4;14.3125;14.75;14.25;404;202;0;
73;2025.04.01 18:15;4;13.875;14.375;13.75;402;202;0;
74;2025.04.01 18:30;4;13.375;13.9375;13.25;400;202;0;
75;2025.04.01 18:45;4;12.875;13.5;12.75;398;202;0;
76;2025.04.01 19:00;4;12.25;13;12.25;396;202;0;
77;2025.04.01 19:15;4;11.6875;12.5;11.75;393;202;0;
78;2025.04.01 19:30;4;11.125;11.9375;11.1875;391;202;0;
79;2025.04.01 19:45;4;10.875;11.5;10.75;390;202;0;
80;2025.04.01 20:00;4;10.375;11.125;10.375;388;202;0;
81;2025.04.01 20:15;4;10;10.75;9.9375;386;202;0;
82;2025.04.01 20:30;4;9.625;10.375;9.5625;385;202;0;
83;2025.04.01 20:45;4;9.3125;10;9.25;383;202;0;
84;2025.04.01 21:00;4;9;9.75;8.875;382;202;0;
85;2025.04.01 21:15;4;8.75;9.375;8.625;381;202;0;
86;2025.04.01 21:30;4;8.4375;9.0625;8.375;379;202;0;
87;2025.04.01 21:45;4;8.125;8.75;8.1875;378;202;0;
88;2025.04.01 22:00;4;7.9375;8.5;8;377;202;0;
89;2025.04.01 22:15;4;7.75;8.25;7.875;376;202;0;
90;2025.04.01 22:30;4;7.5625;8.0625;7.75;375;202;0;
91;2025.04.01 22:45;4;7.375;7.875;7.625;375;202;0;
92;2025.04.01 23:00;4;7.25;7.75;7.375;374;202;0;
93;2025.04.01 23:15;4;7.0625;7.5;7.1875;373;202;0;
94;2025.04.01 23:30;4;7;7.375;7.0625;373;202;0;
95;2025.04.01 23:45;4;6.875;7.25;6.875;372;202;0;
96;2025.04.02 00:00;4;6.75;7.125;6.75;372;202;0;
97;2025.04.02 00:15;4;6.5625;6.9375;6.625;371;202;0;
98;2025.04.02 00:30;4;6.5;6.8125;6.5;371;202;0;
99;2025.04.02 00:45;4;6.375;6.75;6.5;370;202;0;
100;2025.04.02 01:00;4;6.25;6.625;6.3125;370;202;0;
101;2025.04.02 01:15;4;6.0625;6.4375;6.25;369;202;0;
102;2025.04.02 01:30;4;5.875;6.25;6.125;369;202;0;
103;2025.04.02 01:45;4;5.8125;6.1875;6;368;202;0;
104;2025.04.02 02:00;4;5.75;6.125;5.875;368;202;0;
105;2025.04.02 02:15;4;5.625;6;5.8125;368;202;0;
106;2025.04.02 02:30;4;5.5625;5.875;5.75;367;202;0;
107;2025.04.02 02:45;4;5.4375;5.75;5.5;367;202;0;
108;2025.04.02 03:00;4;5.25;5.625;5.375;366;202;0;
109;2025.04.02 03:15;4;5.0625;5.5;5.1875;366;202;0;
110;2025.04.02 03:30;4;4.9375;5.3125;5;365;202;0;
111;2025.04.02 03:45;4;4.75;5.125;4.875;364;202;0;
112;2025.04.02 04:00;4;4.75;5;4.75;364;202;0;
113;2025.04.02 04:15;4;4.625;4.9375;4.75;364;202;0;
114;2025.04.02 04:30;4;4.625;4.875;4.625;363;202;0;
115;2025.04.02 04:45;4;4.5;4.75;4.5625;363;202;0;
116;2025.04.02 05:00;4;4.5;4.75;4.5;363;202;0;
117;2025.04.02 05:15;4;4.5;4.6875;4.5625;363;202;0;
118;2025.04.02 05:30;4;4.625;4.75;5;363;202;0;
119;2025.04.02 05:45;4;5;4.875;5.5;364;202;0;
120;2025.04.02 06:00;4;5.375;5.25;6.125;366;202;0;
121;2025.04.02 06:15;4;5.9375;5.625;6.8125;367;202;0;
122;2025.04.02 06:30;4;6.4375;6.0625;7.5;369;202;0;
123;2025.04.02 06:45;4;7;6.5625;8.0625;372;202;0;
124;2025.04.02 07:00;4;7.5;7.125;8.75;374;202;0;
125;2025.04.02 07:15;4;8.125;7.625;9.375;376;202;0;
126;2025.04.02 07:30;4;8.6875;8.25;9.9375;379;202;0;
127;2025.04.02 07:45;4;9.1875;8.75;10.4375;381;202;0;
128;2025.04.02 08:00;4;9.6875;9.3125;10.9375;383;202;0;
129;2025.04.02 08:15;4;10.125;9.75;11.375;385;202;0;
130;2025.04.02 08:30;4;10.875;10.375;11.75;358;202;0;
131;2025.04.02 08:45;4;13.125;11.625;13.25;366;202;0;
132;2025.04.02 09:00;4;12.375;13;13.5;484;202;0;
133;2025.04.02 09:15;4;26.25;16.625;18.875;546;202;0;
134;2025.04.02 09:30;4;20.25;18.25;18.5;374;202;0;
135;2025.04.02 09:45;4;22.375;17.75;17.75;376;202;0;
136;2025.04.02 10:00;4;17.5;17.5;17.5;360;202;0;
137;2025.04.02 10:15;4;16.375;17.125;17.375;386;202;0;
138;2025.04.02 10:30;4;16.3125;16.5;17.5;367;202;0;
139;2025.04.02 10:45;4;16.5;16.5625;17.75;368;202;0;
140;2025.04.02 11:00;4;16;16;16.625;383;202;0;
141;2025.04.02 11:15;4;16.25;15.75;16.1875;383;202;0;
142;2025.04.02 11:30;4;16.5;15.625;16.375;385;202;0;
143;2025.04.02 11:45;4;16.75;15.75;16.5625;383;202;0;
144;2025.04.02 12:00;4;16.875;16;16.875;385;202;0;
145;2025.04.02 12:15;4;16.9375;16.25;17.25;386;202;0;
146;2025.04.02 12:30;4;36.6875;22;23;426;202;0;
147;2025.04.02 12:45;4;16.25;25;23.5625;1867;202;0;
148;2025.04.02 13:00;4;13.625;21.875;18.5625;1881;202;0;
149;2025.04.02 13:15;4;13.625;21.625;18.75;1888;202;0;
150;2025.04.02 13:30;4;13.625;21.75;18.875;1891;202;0;
151;2025.04.02 13:45;4;13.75;21.375;18.75;1891;202;0;
152;2025.04.02 14:00;4;13.8125;21.375;18.875;1891;202;0;
153;2025.04.02 14:15;4;13.875;20.875;18.625;1889;202;0;
154;2025.04.02 14:30;4;13.875;20.375;18.5;1887;202;0;
155;2025.04.02 14:45;4;13.875;20;18.25;1885;202;0;
156;2025.04.02 15:00;4;13.75;20.1875;18.8125;1884;202;0;
157;2025.04.02 15:15;4;13.75;19.625;18.375;1881;202;0;
158;2025.04.02 15:30;4;13.625;19.0625;18.25;1878;202;0;
159;2025.04.02 15:45;4;13.5;18.75;18.3125;1876;202;0;
160;2025.04.02 16:00;4;13.375;18.375;18.125;1873;202;0;
161;2025.04.02 16:15;4;13.25;17.875;17.875;1870;202;0;
162;2025.04.02 16:30;4;13.125;17.125;17.6875;1867;202;0;
163;2025.04.02 16:45;4;12.875;16.375;17.3125;1863;202;0;
164;2025.04.02 17:00;4;12.6875;14.875;15.8125;1860;202;0;
165;2025.04.02 17:15;4;12.5;12.25;12.875;1853;202;0;
166;2025.04.02 17:30;4;12.1875;10.4375;11.375;1849;202;0;
167;2025.04.02 17:45;4;11.9375;8.9375;10;1845;202;0;
168;2025.04.02 18:00;4;11.625;7.8125;9.125;1842;202;0;
169;2025.04.02 18:15;4;11.375;6.875;8.375;1839;202;0;
170;2025.04.02 18:30;4;11.125;5.625;6.8125;1839;202;0;
171;2025.04.02 18:45;4;10.8125;5.25;6.5;1839;202;0;
172;2025.04.02 19:00;4;10.5625;4.375;5.375;1840;202;0;
173;2025.04.02 19:15;4;10.375;3.625;4.25;1840;202;0;
174;2025.04.02 19:30;4;10.125;3.0625;3.6875;1840;202;0;
175;2025.04.02 19:45;4;9.875;2.75;3.25;1841;202;0;
176;2025.04.02 20:00;4;9.625;2.5;3.125;1841;202;0;
177;2025.04.02 20:15;4;9.5;2.5625;3.25;1842;202;0;
178;2025.04.02 20:30;4;9.25;2.5;3;1843;202;0;
179;2025.04.02 20:45;4;9.125;2.5625;3.125;1844;202;0;
180;2025.04.02 21:00;4;8.9375;2.25;2.875;1844;202;0;
181;2025.04.02 21:15;4;8.75;1.9375;2.5625;1844;202;0;
182;2025.04.02 21:30;4;8.625;2.1875;2.875;1845;202;0;
183;2025.04.02 21:45;4;8.5;2.1875;2.75;1846;202;0;
184;2025.04.02 22:00;4;8.375;2;2.5;1845;202;0;
185;2025.04.02 22:15;4;8.25;1.8125;2.25;1846;202;0;
186;2025.04.02 22:30;4;8.125;1.875;2.3125;1846;202;0;
187;2025.04.02 22:45;4;8;1.5;2;1846;202;0;
188;2025.04.02 23:00;4;7.875;1.5;1.9375;1846;202;0;
189;2025.04.02 23:15;4;7.75;1.5625;2;1847;202;0;
190;2025.04.02 23:30;4;7.625;1.5;1.875;1847;202;0;
191;2025.04.02 23:45;4;7.5;1.625;2.25;1847;202;0;
192;2025.04.03 00:00;4;7.375;1.3125;1.875;1847;202;0;
193;2025.04.03 00:15;4;7.3125;1.1875;1.625;1847;202;0;
194;2025.04.03 00:30;4;7.25;1;1.4375;1847;202;0;
195;2025.04.03 00:45;4;7.125;1.0625;1.625;1848;202;0;
196;2025.04.03 01:00;4;7;1.25;1.75;1848;202;0;
197;2025.04.03 01:15;4;7;1.125;1.625;1849;202;0;
198;2025.04.03 01:30;4;6.875;0.9375;1.5;1848;202;0;
199;2025.04.03 01:45;4;6.75;0.875;1.375;1849;202;0;
200;2025.04.03 02:00;4;6.75;0.875;1.5;1849;202;0;
201;2025.04.03 02:15;4;6.625;0.625;1;1848;202;0;
202;2025.04.03 02:30;4;6.5625;0.75;1.25;1849;202;0;
203;2025.04.03 02:45;4;6.5;0.5625;0.875;1849;202;0;
204;2025.04.03 03:00;4;6.375;0.375;0.6875;1849;202;0;
205;2025.04.03 03:15;4;6.3125;0.125;0.4375;1849;202;0;
206;2025.04.03 03:30;4;6.25;0.125;0.5;1849;202;0;
207;2025.04.03 03:45;4;6.125;0.125;0.375;1850;202;0;
208;2025.04.03 04:00;4;6.125;0;0.25;1850;202;0;
209;2025.04.03 04:15;4;6;0.0625;0.25;1850;202;0;
210;2025.04.03 04:30;4;5.9375;0;0.25;1850;202;0;
211;2025.04.03 04:45;4;5.875;0;0.25;1851;202;0;
212;2025.04.03 05:00;4;5.75;0.25;0.625;1852;202;0;
213;2025.04.03 05:15;4;5.75;1.625;2.75;1854;202;0;
214;2025.04.03 05:30;4;5.75;3.25;4.875;1858;202;0;
215;2025.04.03 05:45;4;5.75;4.375;6.0625;1860;202;0;
216;2025.04.03 06:00;4;5.75;5.875;7.5;1862;202;0;
217;2025.04.03 06:15;4;5.875;7.625;8.875;1864;202;0;
218;2025.04.03 06:30;4;6.0625;9.5625;10.5;1866;202;0;
219;2025.04.03 06:45;4;6.25;10.875;11.1875;1866;202;0;
220;2025.04.03 07:00;4;6.5;12.5;12.625;1867;202;0;
221;2025.04.03 07:15;4;6.75;14;13.75;1868;202;0;
222;2025.04.03 07:30;4;7.0625;15.25;14.625;1869;202;0;
223;2025.04.03 07:45;4;7.4375;16.3125;15.375;1870;202;0;
224;2025.04.03 08:00;4;7.8125;17;15.75;1870;202;0;
225;2025.04.03 08:15;4;8.125;17.6875;16.125;1870;202;0;
226;2025.04.03 08:30;4;8.5;18.5;16.625;1871;202;0;
227;2025.04.03 08:45;4;8.875;19.25;17.125;1871;202;0;
228;2025.04.03 09:00;4;9.3125;19.875;17.5625;1872;202;0;
229;2025.04.03 09:15;4;9.75;20.5;17.75;1872;202;0;
230;2025.04.03 09:30;4;10.125;20.875;18.125;1873;202;0;
231;2025.04.03 09:45;4;10.5;21.4375;18.25;1873;202;0;
232;2025.04.03 10:00;4;10.875;22.125;19;1874;202;0;
233;2025.04.03 10:15;4;11.3125;22.5;19.125;1874;202;0;
234;2025.04.03 10:30;4;11.6875;23;19.5625;1875;202;0;
235;2025.04.03 10:45;4;12.0625;23.125;19.375;1875;202;0;
236;2025.04.03 11:00;4;12.375;23.4375;19.875;1876;202;0;
237;2025.04.03 11:15;4;12.75;23.75;20;1877;202;0;
238;2025.04.03 11:30;4;13.125;24.5;20.625;1878;202;0;
239;2025.04.03 11:45;4;13.375;24.3125;20.5;1876;202;0;
240;2025.04.03 12:00;4;13.625;24.875;21.3125;1877;202;0;
241;2025.04.03 12:15;4;13.9375;25.1875;21.25;1876;202;0;
242;2025.04.03 12:30;4;14.1875;24.75;20.875;1874;202;0;
243;2025.04.03 12:45;4;14.375;23.25;19.625;1869;202;0;
244;2025.04.03 13:00;4;14.5625;22.4375;19.1875;1866;202;0;
245;2025.04.03 13:15;4;14.6875;22.3125;19.125;1864;202;0;
246;2025.04.03 13:30;4;14.75;22.0625;19.0625;1862;202;0;
247;2025.04.03 13:45;4;14.875;22.25;19.3125;1860;202;0;
248;2025.04.03 14:00;4;14.875;22.375;19.4375;1857;202;0;
249;2025.04.03 14:15;4;14.9375;22.75;20.125;1857;202;0;
250;2025.04.03 14:30;4;15;22.25;19.625;1853;202;0;
251;2025.04.03 14:45;4;15;21.5;19.125;1849;202;0;
252;2025.04.03 15:00;4;15;21.375;19.375;1847;202;0;
253;2025.04.03 15:15;4;14.875;20.875;19.125;1843;202;0;
254;2025.04.03 15:30;4;14.875;20.625;19.125;1841;202;0;
255;2025.04.03 15:45;4;14.75;20.125;19;1838;202;0;
256;2025.04.03 16:00;4;14.625;19.375;18.8125;1834;202;0;
257;2025.04.03 16:15;4;14.5;18.5;18.0625;1830;202;0;
258;2025.04.03 16:30;4;14.25;17.375;17.375;1826;202;0;
259;2025.04.03 16:45;4;14.0625;16.5;17.125;1822;202;0;
260;2025.04.03 17:00;4;13.875;15.875;17.125;1819;202;0;
261;2025.04.03 17:15;4;13.625;13.5625;14.375;1814;202;0;
262;2025.04.03 17:30;4;13.375;11.375;12.4375;1808;202;0;
263;2025.04.03 17:45;4;13.0625;9.875;11.1875;1804;202;0;
264;2025.04.03 18:00;4;12.75;8.25;9.3125;1800;202;0;
265;2025.04.03 18:15;4;12.5;6.75;7.375;1797;202;0;
266;2025.04.03 18:30;4;12.1875;6;6.875;1795;202;0;
267;2025.04.03 18:45;4;11.875;5.5;6.625;1793;202;0;
268;2025.04.03 19:00;4;11.625;5.1875;6.5;1792;202;0;
269;2025.04.03 19:15;4;11.375;4.875;5.75;1792;202;0;
270;2025.04.03 19:30;4;11.125;4.5;5.625;1791;202;0;
271;2025.04.03 19:45;4;10.9375;4.125;4.75;1790;202;0;
272;2025.04.03 20:00;4;10.75;3.75;4.5;1790;202;0;
273;2025.04.03 20:15;4;10.5;3.8125;4.75;1791;202;0;
274;2025.04.03 20:30;4;10.375;3.75;4.375;1791;202;0;
275;2025.04.03 20:45;4;10.1875;3.25;3.875;1791;202;0;
276;2025.04.03 21:00;4;10;3.125;3.6875;1791;202;0;
277;2025.04.03 21:15;4;9.875;2.875;3.5;1791;202;0;
278;2025.04.03 21:30;4;9.6875;2.625;3.125;1791;202;0;
279;2025.04.03 21:45;4;9.5;2.6875;3.25;1791;202;0;
280;2025.04.03 22:00;4;9.375;2.5625;3.125;1791;202;0;
281;2025.04.03 22:15;4;9.25;2.375;2.875;1791;202;0;
282;2025.04.03 22:30;4;9.125;2.25;3;1791;202;0;
283;2025.04.03 22:45;4;9;2.0625;2.625;1790;202;0;
284;2025.04.03 23:00;4;8.875;1.875;2.375;1790;202;0;
285;2025.04.03 23:15;4;8.6875;1.875;2.1875;1790;202;0;
286;2025.04.03 23:30;4;8.625;1.8125;2.375;1790;202;0;
287;2025.04.03 23:45;4;8.5;1.6875;2.3125;1790;202;0;
288;2025.04.04 00:00;4;8.375;1.375;1.625;1790;202;0;
289;2025.04.04 00:15;4;8.25;1.3125;1.625;1789;202;0;
290;2025.04.04 00:30;4;8.125;1.125;1.5;1789;202;0;
291;2025.04.04 00:45;4;8;1;1.5;1789;202;0;
292;2025.04.04 01:00;4;7.875;1;1.3125;1789;202;0;
293;2025.04.04 01:15;4;7.8125;1.125;1.4375;1789;202;0;
294;2025.04.04 01:30;4;7.75;1.0625;1.375;1788;202;0;
295;2025.04.04 01:45;4;7.625;0.8125;1.125;1788;202;0;
296;2025.04.04 02:00;4;7.5;1;1.5625;1789;202;0;
297;2025.04.04 02:15;4;7.4375;0.8125;1.3125;1789;202;0;
298;2025.04.04 02:30;4;7.375;0.8125;1.375;1789;202;0;
299;2025.04.04 02:45;4;7.25;0.75;0.875;1789;202;0;
300;2025.04.04 03:00;4;7.1875;0.375;0.75;1788;202;0;
301;2025.04.04 03:15;4;7.125;0.375;0.875;1788;202;0;
302;2025.04.04 03:30;4;7;0.375;0.875;1789;202;0;
303;2025.04.04 03:45;4;6.875;0.125;0.5;1789;202;0;
304;2025.04.04 04:00;4;6.875;0.1875;0.625;1789;202;0;
305;2025.04.04 04:15;4;6.75;0.125;0.625;1789;202;0;
306;2025.04.04 04:30;4;6.6875;0.25;0.5625;1789;202;0;
307;2025.04.04 04:45;4;6.625;0.25;0.625;1790;202;0;
308;2025.04.04 05:00;4;6.5625;0.375;0.875;1790;202;0;
309;2025.04.04 05:15;4;6.5;1.875;3.25;1793;202;0;
310;2025.04.04 05:30;4;6.5;3.875;5.75;1797;202;0;
311;2025.04.04 05:45;4;6.5;5.5625;7.75;1799;202;0;
312;2025.04.04 06:00;4;6.625;7.0625;8.9375;1802;202;0;
313;2025.04.04 06:15;4;6.6875;8.3125;9.8125;1804;202;0;
314;2025.04.04 06:30;4;6.875;10.125;11.375;1807;202;0;
315;2025.04.04 06:45;4;7;11.1875;11.75;1808;202;0;
316;2025.04.04 07:00;4;7.25;12;12.25;1808;202;0;
317;2025.04.04 07:15;4;7.5;13.25;13.375;1810;202;0;
318;2025.04.04 07:30;4;7.75;14.4375;14;1812;202;0;
319;2025.04.04 07:45;4;8;14.875;14.0625;1812;202;0;
320;2025.04.04 08:00;4;8.375;15.75;14.625;1813;202;0;
321;2025.04.04 08:15;4;8.625;16.125;14.75;1813;202;0;
322;2025.04.04 08:30;4;8.9375;16.4375;14.6875;1813;202;0;
323;2025.04.04 08:45;4;9.25;15.875;14;1811;202;0;
324;2025.04.04 09:00;4;9.5;16.75;14.625;1812;202;0;
325;2025.04.04 09:15;4;9.8125;17;14.625;1813;202;0;
326;2025.04.04 09:30;4;10.125;17;14.5;1814;202;0;
327;2025.04.04 09:45;4;10.375;17.5;14.625;1816;202;0;
328;2025.04.04 10:00;4;10.625;18;15;1818;202;0;
329;2025.04.04 10:15;4;11;17.625;14.625;1817;202;0;
330;2025.04.04 10:30;4;11.25;18.75;15.5;1820;202;0;
331;2025.04.04 10:45;4;11.5;18.375;15.0625;1819;202;0;
332;2025.04.04 11:00;4;11.75;19;15.625;1820;202;0;
333;2025.04.04 11:15;4;12.125;19.6875;16.125;1822;202;0;
334;2025.04.04 11:30;4;12.375;19.375;15.875;1821;202;0;
335;2025.04.04 11:45;4;12.5625;18.1875;15.1875;1816;202;0;
336;2025.04.04 12:00;4;12.75;18.75;15.4375;1817;202;0;
337;2025.04.04 12:15;4;12.875;18.875;15.875;1817;202;0;
338;2025.04.04 12:30;4;13.125;19;15.9375;1816;202;0;
339;2025.04.04 12:45;4;13.25;20.125;16.625;1817;202;0;
340;2025.04.04 13:00;4;13.5;19.4375;16.625;1814;202;0;
341;2025.04.04 13:15;4;13.625;18.625;16.125;1811;202;0;
342;2025.04.04 13:30;4;13.6875;18.5;16;1810;202;0;
343;2025.04.04 13:45;4;13.75;18.25;16;1807;202;0;
344;2025.04.04 14:00;4;13.75;19.75;16.9375;1810;202;0;
345;2025.04.04 14:15;4;13.875;18.25;15.875;1804;202;0;
346;2025.04.04 14:30;4;13.875;16.8125;15;1799;202;0;
347;2025.04.04 14:45;4;13.75;15.625;14.1875;1795;202;0;
348;2025.04.04 15:00;4;13.6875;15.625;14.3125;1794;202;0;
349;2025.04.04 15:15;4;13.625;15.625;14.375;1792;202;0;
350;2025.04.04 15:30;4;13.5;14.75;13.625;1788;202;0;
351;2025.04.04 15:45;4;13.375;15.375;15;1788;202;0;
352;2025.04.04 16:00;4;13.25;14.875;14.25;1785;202;0;
353;2025.04.04 16:15;4;13.125;14.375;14.0625;1781;202;0;
354;2025.04.04 16:30;4;12.875;13.625;13.75;1778;202;0;
355;2025.04.04 16:45;4;12.75;12.8125;13.4375;1775;202;0;
356;2025.04.04 17:00;4;12.5;11.75;12.75;1771;202;0;
357;2025.04.04 17:15;4;12.25;9.625;10.3125;1766;202;0;
358;2025.04.04 17:30;4;12;7.6875;8.375;1761;202;0;
359;2025.04.04 17:45;4;11.75;6.5;7.1875;1758;202;0;
360;2025.04.04 18:00;4;11.375;5.625;6.375;1755;202;0;
361;2025.04.04 18:15;4;11.125;4.75;5.6875;1753;202;0;
362;2025.04.04 18:30;4;10.875;4.375;5.375;1751;202;0;
363;2025.04.04 18:45;4;10.625;3.875;5;1750;202;0;
364;2025.04.04 19:00;4;10.375;3.4375;4.25;1749;202;0;
365;2025.04.04 19:15;4;10.125;4.125;5;1749;202;0;
366;2025.04.04 19:30;4;9.9375;3.125;3.8125;1747;202;0;
367;2025.04.04 19:45;4;9.75;1.875;2.375;1745;202;0;
368;2025.04.04 20:00;4;9.5;1;1.5625;1743;202;0;
369;2025.04.04 20:15;4;9.3125;0.125;0.625;1741;202;0;
370;2025.04.04 20:30;4;9.125;-0.125;0.75;1741;202;0;
371;2025.04.04 20:45;4;8.9375;-0.5;0.25;1740;202;0;
372;2025.04.04 21:00;4;8.75;-0.5625;0.1875;1740;202;0;
373;2025.04.04 21:15;4;8.5625;-0.125;1;1741;202;0;
374;2025.04.04 21:30;4;8.375;0.125;1.25;1742;202;0;
375;2025.04.04 21:45;4;8.25;0.9375;1.875;1743;202;0;
376;2025.04.04 22:00;4;8.1875;1.4375;2.3125;1743;202;0;
377;2025.04.04 22:15;4;8.0625;1.875;2.75;1745;202;0;
378;2025.04.04 22:30;4;8;2.0625;2.875;1744;202;0;
379;2025.04.04 22:45;4;7.875;2.25;3.0625;1746;202;0;
380;2025.04.04 23:00;4;7.875;2.25;3.0625;1746;202;0;
381;2025.04.04 23:15;4;7.75;2;2.75;1745;202;0;
382;2025.04.04 23:30;4;7.75;2.125;2.8125;1748;202;0;
383;2025.04.04 23:45;4;7.625;2.375;3.3125;1749;202;0;
384;2025.04.05 00:00;4;7.5625;2.375;3.125;1747;202;0;
385;2025.04.05 00:15;4;7.5;2.375;3.1875;1746;202;0;
386;2025.04.05 00:30;4;7.375;2.1875;3.0625;1745;202;0;
387;2025.04.05 00:45;4;7.3125;2.25;3.125;1745;202;0;
388;2025.04.05 01:00;4;7.25;2.375;3.25;1747;202;0;
389;2025.04.05 01:15;4;7.125;2.25;3.1875;1748;202;0;
390;2025.04.05 01:30;4;7.0625;1.875;2.75;1745;202;0;
391;2025.04.05 01:45;4;7;1.4375;2.25;1744;202;0;
392;2025.04.05 02:00;4;6.875;1.125;1.875;1745;202;0;
393;2025.04.05 02:15;4;6.8125;0.5;1.125;1739;202;0;
394;2025.04.05 02:30;4;6.75;0.125;0.875;1745;202;0;
395;2025.04.05 02:45;4;6.625;-0.3125;0.375;1747;202;0;
396;2025.04.05 03:00;4;6.5625;-0.3125;0.75;1747;202;0;
397;2025.04.05 03:15;4;6.4375;-0.625;0.25;1745;202;0;
398;2025.04.05 03:30;4;6.375;0.5;1.625;1748;202;0;
399;2025.04.05 03:45;4;6.25;1;2;1749;202;0;
400;2025.04.05 04:00;4;6.25;1.25;2.125;1749;202;0;
401;2025.04.05 04:15;4;6.1875;0.875;1.5625;1749;202;0;
402;2025.04.05 04:30;4;6.125;0.375;1.25;1749;202;0;
403;2025.04.05 04:45;4;6;0.875;2;1747;202;0;
404;2025.04.05 05:00;4;6;0.875;1.75;1749;202;0;
405;2025.04.05 05:15;4;5.875;1.375;2.125;1749;202;0;
406;2025.04.05 05:30;4;5.875;2.125;2.875;1749;202;0;
407;2025.04.05 05:45;4;5.875;2.75;3.375;1750;202;0;
408;2025.04.05 06:00;4;5.875;3.375;3.875;1754;202;0;
409;2025.04.05 06:15;4;5.9375;3.9375;4.25;1755;202;0;
410;2025.04.05 06:30;4;6;4.375;4.8125;1755;202;0;
411;2025.04.05 06:45;4;6;5.6875;5.875;1758;202;0;
412;2025.04.05 07:00;4;6.125;6.5;6.25;1757;202;0;
413;2025.04.05 07:15;4;6.25;6.875;6.5;1759;202;0;
414;2025.04.05 07:30;4;6.375;7.5625;7.25;1760;202;0;
415;2025.04.05 07:45;4;6.5625;9.25;8.125;1760;202;0;
416;2025.04.05 08:00;4;6.75;8.125;7.625;1757;202;0;
417;2025.04.05 08:15;4;6.9375;11.125;9.375;1761;202;0;
418;2025.04.05 08:30;4;7.25;11.4375;9.625;1762;202;0;
419;2025.04.05 08:45;4;7.5;12.875;10.625;1765;202;0;
420;2025.04.05 09:00;4;7.875;13.8125;11;1767;202;0;
421;2025.04.05 09:15;4;8.25;13.875;11;1770;202;0;
422;2025.04.05 09:30;4;8.625;14.4375;11.25;1770;202;0;
423;2025.04.05 09:45;4;8.9375;14.625;11.375;1771;202;0;
424;2025.04.05 10:00;4;9.25;15;11.75;1770;202;0;
425;2025.04.05 10:15;4;9.5625;16.375;12.5625;1782;202;0;
426;2025.04.05 10:30;4;9.875;15.9375;12;1773;202;0;
427;2025.04.05 10:45;4;10.1875;16;12.375;1774;202;0;
428;2025.04.05 11:00;4;10.375;16.375;12.5;1770;202;0;
429;2025.04.05 11:15;4;10.75;16.6875;12.4375;1768;202;0;
430;2025.04.05 11:30;4;11;16.875;12.875;1769;202;0;
431;2025.04.05 11:45;4;11.125;15.625;12.3125;1761;202;0;
432;2025.04.05 12:00;4;11.3125;16.8125;12.875;1767;202;0;
433;2025.04.05 12:15;4;11.5;16.625;12.625;1762;202;0;
434;2025.04.05 12:30;4;11.6875;16.875;13.125;1761;202;0;
435;2025.04.05 12:45;4;11.8125;16.25;12.75;1759;202;0;
436;2025.04.05 13:00;4;11.9375;16;12.75;1758;202;0;
437;2025.04.05 13:15;4;12;15.625;12.25;1757;202;0;
438;2025.04.05 13:30;4;12.125;15.5;12.5;1757;202;0;
439;2025.04.05 13:45;4;12.125;15.125;12.375;1755;202;0;
440;2025.04.05 14:00;4;12.1875;16.25;13.0625;1758;202;0;
441;2025.04.05 14:15;4;12.25;15.25;12.625;1754;202;0;
442;2025.04.05 14:30;4;12.3125;15.75;12.9375;1754;202;0;
443;2025.04.05 14:45;4;12.375;14.0625;11.8125;1736;202;0;
444;2025.04.05 15:00;4;12.3125;13.9375;12;1734;202;0;
445;2025.04.05 15:15;4;12.25;12.8125;11.0625;1729;202;0;
446;2025.04.05 15:30;4;12.125;13;11.75;1729;202;0;
447;2025.04.05 15:45;4;12;12.625;11.1875;1726;202;0;
448;2025.04.05 16:00;4;11.875;12;11.0625;1723;202;0;
449;2025.04.05 16:15;4;11.75;11.625;11.3125;1721;202;0;
450;2025.04.05 16:30;4;11.5;10.5;10.4375;1716;202;0;
451;2025.04.05 16:45;4;11.3125;9.625;9.875;1712;202;0;
452;2025.04.05 17:00;4;11.0625;8.625;9.375;1708;202;0;
453;2025.04.05 17:15;4;10.8125;7.25;7.875;1704;202;0;
454;2025.04.05 17:30;4;10.5625;5.25;5.875;1700;202;0;
455;2025.04.05 17:45;4;10.25;4.25;4.875;1697;202;0;
456;2025.04.05 18:00;4;10;3.625;4.375;1695;202;0;
457;2025.04.05 18:15;4;9.75;2.5625;3.3125;1692;202;0;
458;2025.04.05 18:30;4;9.5;1.75;2.5;1690;202;0;
459;2025.04.05 18:45;4;9.25;0.875;1.75;1687;202;0;
460;2025.04.05 19:00;4;9.0625;0;0.875;1685;202;0;
461;2025.04.05 19:15;4;8.8125;0;1.0625;1685;202;0;
462;2025.04.05 19:30;4;8.625;-0.25;0.9375;1684;202;0;
463;2025.04.05 19:45;4;8.4375;-0.625;0.5;1683;202;0;
464;2025.04.05 20:00;4;8.25;-0.875;0.0625;1682;202;0;
465;2025.04.05 20:15;4;8.0625;-1.125;-0.125;1682;202;0;
466;2025.04.05 20:30;4;7.875;-1.5625;-0.625;1681;202;0;
467;2025.04.05 20:45;4;7.75;-1.9375;-0.9375;1680;202;0;
468;2025.04.05 21:00;4;7.5625;-1.9375;-0.75;1680;202;0;
469;2025.04.05 21:15;4;7.375;-2.25;-1.1875;1679;202;0;
470;2025.04.05 21:30;4;7.25;-2.3125;-1.125;1681;202;0;
471;2025.04.05 21:45;4;7.125;-2.5625;-1.5;1677;202;0;
472;2025.04.05 22:00;4;6.9375;-2.125;-1.125;1678;202;0;
473;2025.04.05 22:15;4;6.8125;-2.375;-1.625;1677;202;0;
474;2025.04.05 22:30;4;6.6875;-2.75;-1.875;1676;202;0;
475;2025.04.05 22:45;4;6.5625;-2.75;-1.9375;1676;202;0;
476;2025.04.05 23:00;4;6.4375;-2.875;-2.125;1676;202;0;
477;2025.04.05 23:15;4;6.375;-2.75;-1.9375;1677;202;0;
478;2025.04.05 23:30;4;6.25;-2.5;-1.625;1677;202;0;
479;2025.04.05 23:45;4;6.125;-2.875;-2.3125;1675;202;0;
480;2025.04.06 00:00;4;6;-3.0625;-2.625;1675;202;0;
481;2025.04.06 00:15;4;5.875;-3.3125;-3;1674;202;0;
482;2025.04.06 00:30;4;5.75;-3.5;-2.9375;1675;202;0;
483;2025.04.06 00:45;4;5.6875;-3.5625;-3.125;1673;202;0;
484;2025.04.06 01:00;4;5.625;-3.75;-3.25;1672;202;0;
485;2025.04.06 01:15;4;5.5;-3.5;-3.1875;1672;202;0;
486;2025.04.06 01:30;4;5.375;-3.8125;-3.375;1672;202;0;
487;2025.04.06 01:45;4;5.25;-3.9375;-3.375;1672;202;0;
488;2025.04.06 02:00;4;5.1875;-4.1875;-3.6875;1671;202;0;
489;2025.04.06 02:15;4;5.125;-4.125;-3.6875;1671;202;0;
490;2025.04.06 02:30;4;5;-3.9375;-3.625;1672;202;0;
491;2025.04.06 02:45;4;4.875;-3.875;-3.75;1672;202;0;
492;2025.04.06 03:00;4;4.8125;-4;-3.875;1672;202;0;
493;2025.04.06 03:15;4;4.75;-4;-3.875;1672;202;0;
494;2025.04.06 03:30;4;4.625;-4.375;-4.1875;1671;202;0;
495;2025.04.06 03:45;4;4.625;-4.5;-4.0625;1671;202;0;
496;2025.04.06 04:00;4;4.5;-4.5;-4.125;1671;202;0;
497;2025.04.06 04:15;4;4.375;-4.5;-4.25;1671;202;0;
498;2025.04.06 04:30;4;4.375;-4.625;-4.25;1671;202;0;
499;2025.04.06 04:45;4;4.25;-4.25;-3.875;1672;202;0;
500;2025.04.06 05:00;4;4.1875;-3.625;-2.75;1673;202;0;
501;2025.04.06 05:15;4;4.125;-2.4375;-1;1675;202;0;
502;2025.04.06 05:30;4;4.125;-1.0625;1.125;1678;202;0;
503;2025.04.06 05:45;4;4.125;0.3125;3.125;1681;202;0;
504;2025.04.06 06:00;4;4.1875;1.5;3.875;1686;202;0;
505;2025.04.06 06:15;4;4.25;3.125;5.4375;1689;202;0;
506;2025.04.06 06:30;4;4.375;4.875;6.5;1693;202;0;
507;2025.04.06 06:45;4;4.5625;6.8125;7.375;1697;202;0;
508;2025.04.06 07:00;4;4.75;7.875;7.375;1699;202;0;
509;2025.04.06 07:15;4;5.0625;9;8.25;1702;202;0;
510;2025.04.06 07:30;4;5.375;10.3125;9.5;1705;202;0;
511;2025.04.06 07:45;4;5.6875;10.875;9.75;1707;202;0;
512;2025.04.06 08:00;4;6;11.5;10.125;1709;202;0;
513;2025.04.06 08:15;4;6.3125;12.125;10.5;1711;202;0;
514;2025.04.06 08:30;4;6.625;13.25;10.625;1713;202;0;
515;2025.04.06 08:45;4;7;13.875;11.125;1714;202;0;
516;2025.04.06 09:00;4;7.3125;14;10.6875;1714;202;0;
517;2025.04.06 09:15;4;7.625;14.75;11.125;1716;202;0;
518;2025.04.06 09:30;4;8;15.375;11.5625;1718;202;0;
519;2025.04.06 09:45;4;8.375;15.5;11.375;1719;202;0;
520;2025.04.06 10:00;4;8.75;15.5625;11.5;1720;202;0;
521;2025.04.06 10:15;4;9.125;16.375;12;1724;202;0;
522;2025.04.06 10:30;4;9.375;17.125;12.375;1726;202;0;
523;2025.04.06 10:45;4;9.75;17.125;12.3125;1727;202;0;
524;2025.04.06 11:00;4;10.0625;17.25;12.625;1727;202;0;
525;2025.04.06 11:15;4;10.3125;15.875;11.5625;1723;202;0;
526;2025.04.06 11:30;4;10.5;16.125;12.125;1722;202;0;
527;2025.04.06 11:45;4;10.625;15.75;11.625;1721;202;0;
528;2025.04.06 12:00;4;10.8125;15.625;11.8125;1720;202;0;
529;2025.04.06 12:15;4;11;15.625;11.75;1719;202;0;
530;2025.04.06 12:30;4;11.125;15.75;11.875;1718;202;0;
531;2025.04.06 12:45;4;11.25;14.5;10.9375;1713;202;0;
532;2025.04.06 13:00;4;11.25;14.625;11.5;1712;202;0;
533;2025.04.06 13:15;4;11.375;14.3125;11.125;1709;202;0;
534;2025.04.06 13:30;4;11.375;14.375;11.375;1707;202;0;
535;2025.04.06 13:45;4;11.4375;13.875;11;1705;202;0;
536;2025.04.06 14:00;4;11.4375;14;11.375;1702;202;0;
537;2025.04.06 14:15;4;11.5;13.875;11.3125;1700;202;0;
538;2025.04.06 14:30;4;11.5;14.125;11.8125;1699;202;0;
539;2025.04.06 14:45;4;11.5;14.4375;12.125;1699;202;0;
540;2025.04.06 15:00;4;11.5;13.25;11.1875;1694;202;0;
541;2025.04.06 15:15;4;11.5;12.8125;11.5;1692;202;0;
542;2025.04.06 15:30;4;11.375;12.625;11.3125;1691;202;0;
543;2025.04.06 15:45;4;11.3125;11.125;10.125;1685;202;0;
544;2025.04.06 16:00;4;11.125;11.75;11.25;1684;202;0;
545;2025.04.06 16:15;4;11;11.625;11.1875;1679;202;0;
546;2025.04.06 16:30;4;10.875;11.125;11.0625;1678;202;0;
547;2025.04.06 16:45;4;10.75;10.625;11.125;1674;202;0;
548;2025.04.06 17:00;4;10.5625;10;10.625;1674;202;0;
549;2025.04.06 17:15;4;10.375;9.125;9.75;1671;202;0;
550;2025.04.06 17:30;4;10.25;8;8.25;1671;202;0;
551;2025.04.06 17:45;4;10;7.125;7.4375;1661;202;0;
552;2025.04.06 18:00;4;9.875;6.3125;6.75;1660;202;0;
553;2025.04.06 18:15;4;9.625;5.75;6.25;1659;202;0;
554;2025.04.06 18:30;4;9.5;5.5;6;1659;202;0;
555;2025.04.06 18:45;4;9.375;5.25;5.8125;1657;202;0;
556;2025.04.06 19:00;4;9.1875;4.875;5.5;1657;202;0;
557;2025.04.06 19:15;4;9.0625;4.875;5.4375;1656;202;0;
558;2025.04.06 19:30;4;8.9375;5.1875;5.75;1657;202;0;
559;2025.04.06 19:45;4;8.875;5;5.4375;1656;202;0;
560;2025.04.06 20:00;4;8.75;4.75;5.25;1661;202;0;
561;2025.04.06 20:15;4;8.625;4.625;5.1875;1661;202;0;
562;2025.04.06 20:30;4;8.5;3.8125;4.5625;1648;202;0;
563;2025.04.06 20:45;4;8.375;3;4;1650;202;0;
564;2025.04.06 21:00;4;8.25;1.75;2.625;1655;202;0;
565;2025.04.06 21:15;4;8.0625;0.8125;1.75;1655;202;0;
566;2025.04.06 21:30;4;7.875;0.1875;1.125;1653;202;0;
567;2025.04.06 21:45;4;7.75;-0.125;1.125;1659;202;0;
568;2025.04.06 22:00;4;7.5625;-0.625;0.4375;1659;202;0;
569;2025.04.06 22:15;4;7.375;-1.125;-0.25;1652;202;0;
570;2025.04.06 22:30;4;7.25;-1.5;-0.75;1651;202;0;
571;2025.04.06 22:45;4;7.125;-1.625;-0.75;1651;202;0;
572;2025.04.06 23:00;4;6.9375;-1.75;-1.125;1650;202;0;
573;2025.04.06 23:15;4;6.8125;-2;-1.25;1648;202;0;
574;2025.04.06 23:30;4;6.625;-2.125;-1.625;1650;202;0;
575;2025.04.06 23:45;4;6.5;-2.125;-1.625;1647;202;0;
576;2025.04.07 00:00;4;6.375;-2.125;-1.5;1643;202;0;
577;2025.04.07 00:15;4;6.3125;-2.125;-1.625;1643;202;0;
578;2025.04.07 00:30;4;6.25;-2.3125;-1.625;1642;202;0;
579;2025.04.07 00:45;4;6.125;-2.375;-1.5625;1649;202;0;
580;2025.04.07 01:00;4;6;-1.75;-0.625;1657;202;0;
581;2025.04.07 01:15;4;5.875;-1.5;-0.25;1656;202;0;
582;2025.04.07 01:30;4;5.875;-1.375;0.125;1659;202;0;
583;2025.04.07 01:45;4;5.75;-0.625;0.75;1659;202;0;
584;2025.04.07 02:00;4;5.6875;-1.125;0.125;1660;202;0;
585;2025.04.07 02:15;4;5.625;-1.4375;-0.5625;1659;202;0;
586;2025.04.07 02:30;4;5.5625;-1.5;-0.25;1659;202;0;
587;2025.04.07 02:45;4;5.5;-0.875;0.25;1660;202;0;
588;2025.04.07 03:00;4;5.4375;-1.5;-0.5;1659;202;0;
589;2025.04.07 03:15;4;5.375;-1.625;-0.5625;1660;202;0;
590;2025.04.07 03:30;4;5.25;-0.5625;0.625;1663;202;0;
591;2025.04.07 03:45;4;5.25;-0.4375;0.75;1661;202;0;
592;2025.04.07 04:00;4;5.1875;-0.125;0.875;1661;202;0;
593;2025.04.07 04:15;4;5.125;0.375;1.3125;1662;202;0;
594;2025.04.07 04:30;4;5.125;0.5625;1.5;1664;202;0;
595;2025.04.07 04:45;4;5.125;0.8125;1.625;1664;202;0;
596;2025.04.07 05:00;4;5.0625;1.25;2.125;1666;202;0;
597;2025.04.07 05:15;4;5.0625;2.25;3.5;1669;202;0;
598;2025.04.07 05:30;4;5.125;3.25;4.8125;1670;202;0;
599;2025.04.07 05:45;4;5.125;4.25;5.875;1672;202;0;
600;2025.04.07 06:00;4;5.25;5.375;6.875;1674;202;0;
601;2025.04.07 06:15;4;5.3125;6.5;7.625;1676;202;0;
602;2025.04.07 06:30;4;5.5;7.875;8.25;1679;202;0;
603;2025.04.07 06:45;4;5.625;9;8.875;1683;202;0;
604;2025.04.07 07:00;4;5.875;8;7.5625;1682;202;0;
605;2025.04.07 07:15;4;6;8.0625;7.875;1682;202;0;
606;2025.04.07 07:30;4;6.125;9.625;8.75;1686;202;0;
607;2025.04.07 07:45;4;6.375;10.125;9;1687;202;0;
608;2025.04.07 08:00;4;6.625;9.75;8.625;1686;202;0;
609;2025.04.07 08:15;4;6.75;9.625;8.875;1685;202;0;
610;2025.04.07 08:30;4;7;10.875;9.375;1688;202;0;
611;2025.04.07 08:45;4;7.1875;9.75;8.5625;1685;202;0;
612;2025.04.07 09:00;4;7.375;11.25;9.8125;1690;202;0;
613;2025.04.07 09:15;4;7.625;13.625;11.125;1697;202;0;
614;2025.04.07 09:30;4;7.9375;11.875;10;1693;202;0;
615;2025.04.07 09:45;4;8.1875;14.25;11.4375;1700;202;0;
616;2025.04.07 10:00;4;8.5625;14.625;11.5;1702;202;0;
617;2025.04.07 10:15;4;8.875;15.5625;12.375;1706;202;0;
618;2025.04.07 10:30;4;9.25;14.875;11.5625;1704;202;0;
619;2025.04.07 10:45;4;9.5;15.875;12.125;1708;202;0;
620;2025.04.07 11:00;4;9.875;16;12.25;1710;202;0;
621;2025.04.07 11:15;4;10.125;15.5;11.875;1709;202;0;
622;2025.04.07 11:30;4;10.375;16.1875;12.4375;1711;202;0;
623;2025.04.07 11:45;4;10.625;16.375;12.625;1711;202;0;
624;2025.04.07 12:00;4;10.875;16.3125;12.6875;1711;202;0;
625;2025.04.07 12:15;4;11.0625;17.0625;13.375;1712;202;0;
626;2025.04.07 12:30;4;11.25;17;13.25;1712;202;0;
627;2025.04.07 12:45;4;11.5;17.5;13.875;1712;202;0;
628;2025.04.07 13:00;4;11.625;17.625;13.9375;1712;202;0;
629;2025.04.07 13:15;4;11.875;17.625;14;1710;202;0;
630;2025.04.07 13:30;4;12;17.75;14.375;1709;202;0;
631;2025.04.07 13:45;4;12.125;17.875;14.8125;1705;202;0;
632;2025.04.07 14:00;4;12.25;17.125;14.25;1707;202;0;
633;2025.04.07 14:15;4;12.375;17.375;14.75;1704;202;0;
634;2025.04.07 14:30;4;12.5;17.625;15.5;1704;202;0;
635;2025.04.07 14:45;4;12.5;17.8125;15.75;1703;202;0;
636;2025.04.07 15:00;4;12.5625;17.1875;15.25;1700;202;0;
637;2025.04.07 15:15;4;12.5625;16.8125;15.5;1698;202;0;
638;2025.04.07 15:30;4;12.5;16.625;15.625;1695;202;0;
639;2025.04.07 15:45;4;12.5;15.9375;15.25;1693;202;0;
640;2025.04.07 16:00;4;12.375;14.75;14.5;1688;202;0;
641;2025.04.07 16:15;4;12.25;14.875;15.6875;1686;202;0;
642;2025.04.07 16:30;4;12.125;14.125;15.375;1683;202;0;
643;2025.04.07 16:45;4;11.875;13.0625;14.5625;1676;202;0;
644;2025.04.07 17:00;4;11.75;12.125;13.9375;1674;202;0;
645;2025.04.07 17:15;4;11.5;10.75;12.5625;1670;202;0;
646;2025.04.07 17:30;4;11.25;8.4375;9.625;1665;202;0;
647;2025.04.07 17:45;4;11;5.8125;6.4375;1659;202;0;
648;2025.04.07 18:00;4;10.6875;4.5;5.25;1655;202;0;
649;2025.04.07 18:15;4;10.375;3.25;4.0625;1652;202;0;
650;2025.04.07 18:30;4;10.125;2.625;3.875;1650;202;0;
651;2025.04.07 18:45;4;9.875;2.5;3.8125;1649;202;0;
652;2025.04.07 19:00;4;9.625;1.75;3.125;1647;202;0;
653;2025.04.07 19:15;4;9.375;1.3125;2.25;1647;202;0;
654;2025.04.07 19:30;4;9.125;0.875;1.8125;1645;202;0;
655;2025.04.07 19:45;4;9;0.75;1.9375;1645;202;0;
656;2025.04.07 20:00;4;8.75;0.3125;1.25;1644;202;0;
657;2025.04.07 20:15;4;8.5625;0.25;1.25;1643;202;0;
658;2025.04.07 20:30;4;8.375;0.375;1.25;1643;202;0;
659;2025.04.07 20:45;4;8.25;0;1;1642;202;0;
660;2025.04.07 21:00;4;8.125;0.125;0.875;1642;202;0;
661;2025.04.07 21:15;4;7.9375;0.375;1;1643;202;0;
662;2025.04.07 21:30;4;7.75;-0.25;0.25;1641;202;0;
663;2025.04.07 21:45;4;7.625;-0.1875;0.5;1641;202;0;
664;2025.04.07 22:00;4;7.5;-0.75;-0.1875;1640;202;0;
665;2025.04.07 22:15;4;7.375;-0.9375;-0.125;1640;202;0;
666;2025.04.07 22:30;4;7.25;-0.875;0;1639;202;0;
667;2025.04.07 22:45;4;7.125;-0.875;-0.375;1639;202;0;
668;2025.04.07 23:00;4;7;0.375;0.75;1642;202;0;
669;2025.04.07 23:15;4;7;1.25;1.5;1644;202;0;
670;2025.04.07 23:30;4;6.9375;0.875;1.125;1643;202;0;
671;2025.04.07 23:45;4;6.875;0.375;0.875;1642;202;0;
672;2025.04.08 00:00;4;6.75;0.5;1.25;1642;202;0;
673;2025.04.08 00:15;4;6.75;0.125;0.5625;1641;202;0;
674;2025.04.08 00:30;4;6.625;-0.5;-0.125;1640;202;0;
675;2025.04.08 00:45;4;6.5;-0.875;-0.25;1640;202;0;
676;2025.04.08 01:00;4;6.4375;-1.125;-0.5;1639;202;0;
677;2025.04.08 01:15;4;6.375;-1.125;-0.4375;1639;202;0;
678;2025.04.08 01:30;4;6.25;-1.125;-0.625;1638;202;0;
679;2025.04.08 01:45;4;6.125;-0.75;-0.4375;1640;202;0;
680;2025.04.08 02:00;4;6.125;-0.1875;-0.125;1642;202;0;
681;2025.04.08 02:15;4;6.0625;0.625;0.875;1644;202;0;
682;2025.04.08 02:30;4;6;0.8125;1.0625;1646;202;0;
683;2025.04.08 02:45;4;6;0.125;0.0625;1643;202;0;
684;2025.04.08 03:00;4;6;-0.75;-0.4375;1642;202;0;
685;2025.04.08 03:15;4;5.875;-0.875;-0.5;1643;202;0;
686;2025.04.08 03:30;4;5.8125;-0.375;-0.25;1643;202;0;
687;2025.04.08 03:45;4;5.75;0;0.125;1645;202;0;
688;2025.04.08 04:00;4;5.75;0.625;0.6875;1642;202;0;
689;2025.04.08 04:15;4;5.75;0.5;0.625;1644;202;0;
690;2025.04.08 04:30;4;5.75;0.125;0.1875;1642;202;0;
691;2025.04.08 04:45;4;5.625;-0.1875;0.125;1641;202;0;
692;2025.04.08 05:00;4;5.625;-0.3125;-0.125;1641;202;0;
693;2025.04.08 05:15;4;5.5625;0.125;0.75;1642;202;0;
694;2025.04.08 05:30;4;5.5;0.875;1.75;1644;202;0;
695;2025.04.08 05:45;4;5.5;3.375;4.75;1648;202;0;
696;2025.04.08 06:00;4;5.625;5.6875;6.8125;1654;202;0;
697;2025.04.08 06:15;4;5.75;6.6875;7.375;1656;202;0;
698;2025.04.08 06:30;4;5.875;7.75;8.1875;1658;202;0;
699;2025.04.08 06:45;4;6;8.875;8.8125;1660;202;0;
700;2025.04.08 07:00;4;6.25;10.125;9.75;1663;202;0;
701;2025.04.08 07:15;4;6.5;11;10.25;1665;202;0;
702;2025.04.08 07:30;4;6.75;12;11;1667;202;0;
703;2025.04.08 07:45;4;7;12.875;11.625;1670;202;0;
704;2025.04.08 08:00;4;7.25;14;12.375;1672;202;0;
705;2025.04.08 08:15;4;7.625;14.5;12.5;1673;202;0;
706;2025.04.08 08:30;4;7.875;15.125;12.875;1674;202;0;
707;2025.04.08 08:45;4;8.25;15.5;13.25;1677;202;0;
708;2025.04.08 09:00;4;8.5;15.75;13.375;1680;202;0;
709;2025.04.08 09:15;4;8.875;16.25;13.75;1681;202;0;
710;2025.04.08 09:30;4;9.125;16.375;13.625;1681;202;0;
711;2025.04.08 09:45;4;9.5;16.875;14.0625;1683;202;0;
712;2025.04.08 10:00;4;9.75;17.375;14.375;1684;202;0;
713;2025.04.08 10:15;4;10;17.8125;14.6875;1685;202;0;
714;2025.04.08 10:30;4;10.375;18.1875;14.875;1688;202;0;
715;2025.04.08 10:45;4;10.625;18.3125;14.875;1688;202;0;
716;2025.04.08 11:00;4;10.875;18.5;14.875;1689;202;0;
717;2025.04.08 11:15;4;11.1875;18.625;15.125;1689;202;0;
718;2025.04.08 11:30;4;11.375;18.5625;14.75;1686;202;0;
719;2025.04.08 11:45;4;11.625;19.25;15.75;1686;202;0;
720;2025.04.08 12:00;4;11.875;19.4375;15.5625;1685;202;0;
721;2025.04.08 12:15;4;12.0625;19.5;15.75;1684;202;0;
722;2025.04.08 12:30;4;12.25;19.375;15.75;1685;202;0;
723;2025.04.08 12:45;4;12.4375;19.875;16.125;1687;202;0;
724;2025.04.08 13:00;4;12.625;19.625;15.875;1684;202;0;
725;2025.04.08 13:15;4;12.75;19;15.75;1680;202;0;
726;2025.04.08 13:30;4;12.875;18.125;15.375;1676;202;0;
727;2025.04.08 13:45;4;13;19.0625;16.0625;1678;202;0;
728;2025.04.08 14:00;4;13.125;19.1875;16.125;1677;202;0;
729;2025.04.08 14:15;4;13.1875;18.75;16;1674;202;0;
730;2025.04.08 14:30;4;13.25;18.5625;16.125;1673;202;0;
731;2025.04.08 14:45;4;13.25;18;15.875;1671;202;0;
732;2025.04.08 15:00;4;13.25;17.75;15.75;1668;202;0;
733;2025.04.08 15:15;4;13.1875;17;15.5;1665;202;0;
734;2025.04.08 15:30;4;13.125;16.625;15.375;1661;202;0;
735;2025.04.08 15:45;4;13;14.875;13.875;1656;202;0;
736;2025.04.08 16:00;4;12.8125;13.875;13.625;1653;202;0;
737;2025.04.08 16:15;4;12.625;14.375;13.9375;1652;202;0;
738;2025.04.08 16:30;4;12.5;12.5625;12.5;1649;202;0;
739;2025.04.08 16:45;4;12.375;11.625;11.5;1646;202;0;
740;2025.04.08 17:00;4;12.125;11;11.0625;1643;202;0;
741;2025.04.08 17:15;4;12;10.75;10.9375;1640;202;0;
742;2025.04.08 17:30;4;11.8125;10.1875;10.625;1639;202;0;
743;2025.04.08 17:45;4;11.625;9;9.625;1637;202;0;
744;2025.04.08 18:00;4;11.5;7.6875;8.6875;1633;202;0;
745;2025.04.08 18:15;4;11.25;6;7.125;1629;202;0;
746;2025.04.08 18:30;4;11;4.4375;5.3125;1626;202;0;
747;2025.04.08 18:45;4;10.75;3.75;4.625;1625;202;0;
748;2025.04.08 19:00;4;10.5;3.375;4.125;1624;202;0;
749;2025.04.08 19:15;4;10.25;3.6875;4.5;1624;202;0;
750;2025.04.08 19:30;4;10.0625;4.125;4.625;1625;202;0;
751;2025.04.08 19:45;4;9.9375;4.625;5.0625;1623;202;0;
752;2025.04.08 20:00;4;9.8125;5.5;5.6875;1626;202;0;
753;2025.04.08 20:15;4;9.75;5.875;6.0625;1626;202;0;
754;2025.04.08 20:30;4;9.6875;5.8125;5.9375;1625;202;0;
755;2025.04.08 20:45;4;9.625;5.875;6;1625;202;0;
756;2025.04.08 21:00;4;9.5625;5.75;6.0625;1623;202;0;
757;2025.04.08 21:15;4;9.5;5.5625;5.75;1623;202;0;
758;2025.04.08 21:30;4;9.375;5.5;6.125;1622;202;0;
759;2025.04.08 21:45;4;9.375;4.875;5.625;1621;202;0;
760;2025.04.08 22:00;4;9.25;3.75;4.4375;1619;202;0;
761;2025.04.08 22:15;4;9.0625;2.625;3.625;1616;202;0;
762;2025.04.08 22:30;4;8.875;2;3.125;1615;202;0;
763;2025.04.08 22:45;4;8.75;1.5;2.4375;1614;202;0;
764;2025.04.08 23:00;4;8.5625;1.125;1.875;1613;202;0;
765;2025.04.08 23:15;4;8.375;0.625;1;1612;202;0;
766;2025.04.08 23:30;4;8.25;0.25;0.625;1611;202;0;
767;2025.04.08 23:45;4;8.125;0.125;0.75;1611;202;0;
768;2025.04.09 00:00;4;8;0;0.5;1611;202;0;
769;2025.04.09 00:15;4;7.875;-0.125;0.625;1611;202;0;
770;2025.04.09 00:30;4;7.6875;-0.125;0.5625;1610;202;0;
771;2025.04.09 00:45;4;7.625;-0.375;0.0625;1611;202;0;
772;2025.04.09 01:00;4;7.5;-0.375;-0.0625;1611;202;0;
773;2025.04.09 01:15;4;7.375;-0.5;0;1610;202;0;
774;2025.04.09 01:30;4;7.25;-0.75;-0.5;1611;202;0;
775;2025.04.09 01:45;4;7.125;-0.875;-0.5625;1610;202;0;
776;2025.04.09 02:00;4;7;-1;-0.6875;1611;202;0;
777;2025.04.09 02:15;4;6.9375;-1.3125;-1.125;1613;202;0;
778;2025.04.09 02:30;4;6.8125;-1.375;-1;1613;202;0;
779;2025.04.09 02:45;4;6.75;-0.875;-0.5;1613;202;0;
780;2025.04.09 03:00;4;6.625;-1.1875;-0.75;1613;202;0;
781;2025.04.09 03:15;4;6.5;-1.25;-0.9375;1613;202;0;
782;2025.04.09 03:30;4;6.4375;-1.25;-0.8125;1611;202;0;
783;2025.04.09 03:45;4;6.375;-1.3125;-0.9375;1612;202;0;
784;2025.04.09 04:00;4;6.25;-1.5;-1.125;1612;202;0;
785;2025.04.09 04:15;4;6.1875;-1.75;-1;1611;202;0;
786;2025.04.09 04:30;4;6.125;-1.75;-0.9375;1611;202;0;
787;2025.04.09 04:45;4;6;-1.375;-0.625;1612;202;0;
788;2025.04.09 05:00;4;6;-0.125;1.5;1614;202;0;
789;2025.04.09 05:15;4;5.9375;2;3.5;1619;202;0;
790;2025.04.09 05:30;4;6;3.625;5.25;1622;202;0;
791;2025.04.09 05:45;4;6;4.75;6.125;1623;202;0;
792;2025.04.09 06:00;4;6.125;5.875;7;1626;202;0;
793;2025.04.09 06:15;4;6.25;6.9375;7.5;1629;202;0;
794;2025.04.09 06:30;4;6.375;6.5625;6.0625;1629;202;0;
795;2025.04.09 06:45;4;6.5625;6.75;6.25;1633;202;0;
796;2025.04.09 07:00;4;6.75;6.75;6.1875;1632;202;0;
797;2025.04.09 07:15;4;6.875;7;6.5;1633;202;0;
798;2025.04.09 07:30;4;7;7.4375;6.875;1634;202;0;
799;2025.04.09 07:45;4;7.125;8;7.25;1635;202;0;
800;2025.04.09 08:00;4;7.25;9;8.1875;1638;202;0;
801;2025.04.09 08:15;4;7.5;13.375;11.375;1648;202;0;
802;2025.04.09 08:30;4;7.875;12.125;10.125;1647;202;0;
803;2025.04.09 08:45;4;8.125;11.25;9.375;1644;202;0;
804;2025.04.09 09:00;4;8.375;13.5625;11.1875;1649;202;0;
805;2025.04.09 09:15;4;8.6875;14.25;11.5;1653;202;0;
806;2025.04.09 09:30;4;9;15.125;11.9375;1654;202;0;
807;2025.04.09 09:45;4;9.375;14.875;11.8125;1656;202;0;
808;2025.04.09 10:00;4;9.625;13.125;10.25;1652;202;0;
809;2025.04.09 10:15;4;9.8125;14.625;11.4375;1655;202;0;
810;2025.04.09 10:30;4;10.0625;15.125;11.875;1658;202;0;
811;2025.04.09 10:45;4;10.375;15.625;11.875;1659;202;0;
812;2025.04.09 11:00;4;10.5625;15;11.625;1658;202;0;
813;2025.04.09 11:15;4;10.75;14.625;11.4375;1654;202;0;
814;2025.04.09 11:30;4;10.875;13.1875;10.875;1652;202;0;
815;2025.04.09 11:45;4;10.9375;13.0625;10.875;1652;202;0;
816;2025.04.09 12:00;4;11;13.625;11.25;1650;202;0;
817;2025.04.09 12:15;4;11.0625;14.1875;11.875;1651;202;0;
818;2025.04.09 12:30;4;11.1875;14.125;11.875;1649;202;0;
819;2025.04.09 12:45;4;11.25;14.25;11.875;1650;202;0;
820;2025.04.09 13:00;4;11.375;13.6875;11.5;1648;202;0;
821;2025.04.09 13:15;4;11.4375;13.375;11.4375;1646;202;0;
822;2025.04.09 13:30;4;11.5;15;12.5;1644;202;0;
823;2025.04.09 13:45;4;11.625;14.875;12.75;1643;202;0;
824;2025.04.09 14:00;4;11.6875;14.5;12.5;1640;202;0;
825;2025.04.09 14:15;4;11.75;14.9375;13.125;1641;202;0;
826;2025.04.09 14:30;4;11.75;13.625;12.25;1636;202;0;
827;2025.04.09 14:45;4;11.75;13.25;12.3125;1633;202;0;
828;2025.04.09 15:00;4;11.75;14.75;13.25;1635;202;0;
829;2025.04.09 15:15;4;11.75;13.875;12.875;1632;202;0;
830;2025.04.09 15:30;4;11.75;14.5;13.75;1637;202;0;
831;2025.04.09 15:45;4;11.75;13.4375;12.5625;1634;202;0;
832;2025.04.09 16:00;4;11.625;12.0625;11.875;1630;202;0;
833;2025.04.09 16:15;4;11.5;11.875;12;1629;202;0;
834;2025.04.09 16:30;4;11.375;11.6875;12.125;1627;202;0;
835;2025.04.09 16:45;4;11.25;11.25;11.875;1624;202;0;
836;2025.04.09 17:00;4;11.125;11.0625;12.125;1622;202;0;
837;2025.04.09 17:15;4;11;10;10.6875;1620;202;0;
838;2025.04.09 17:30;4;10.875;8.9375;9.75;1617;202;0;
839;2025.04.09 17:45;4;10.75;7.9375;8.625;1610;202;0;
840;2025.04.09 18:00;4;10.5625;7.875;8.4375;1611;202;0;
841;2025.04.09 18:15;4;10.4375;7.625;8.3125;1610;202;0;
842;2025.04.09 18:30;4;10.3125;7.375;8.25;1609;202;0;
843;2025.04.09 18:45;4;10.125;6.75;7.75;1607;202;0;
844;2025.04.09 19:00;4;10;5.3125;5.625;1604;202;0;
845;2025.04.09 19:15;4;9.875;4.125;4.625;1601;202;0;
846;2025.04.09 19:30;4;9.625;3.5;4.25;1599;202;0;
847;2025.04.09 19:45;4;9.5;3.625;4.5;1599;202;0;
848;2025.04.09 20:00;4;9.25;3.1875;4.125;1597;202;0;
849;2025.04.09 20:15;4;9.125;3;4.125;1596;202;0;
850;2025.04.09 20:30;4;9;3.375;4.5625;1597;202;0;
851;2025.04.09 20:45;4;8.875;2.625;3.25;1598;202;0;
852;2025.04.09 21:00;4;8.75;2.0625;2.375;1596;202;0;
853;2025.04.09 21:15;4;8.625;2.9375;3.3125;1598;202;0;
854;2025.04.09 21:30;4;8.5;2.875;3.25;1597;202;0;
855;2025.04.09 21:45;4;8.375;3.0625;3.375;1598;202;0;
856;2025.04.09 22:00;4;8.3125;2.5;2.75;1595;202;0;
857;2025.04.09 22:15;4;8.25;1.625;2.125;1594;202;0;
858;2025.04.09 22:30;4;8.125;1;1.8125;1592;202;0;
859;2025.04.09 22:45;4;8;0.625;1.4375;1591;202;0;
860;2025.04.09 23:00;4;7.875;1.125;2.25;1593;202;0;
861;2025.04.09 23:15;4;7.75;0.125;0.875;1591;202;0;
862;2025.04.09 23:30;4;7.625;-0.1875;0.4375;1591;202;0;
863;2025.04.09 23:45;4;7.5;-0.1875;0.875;1590;202;0;
864;2025.04.10 00:00;4;7.375;-0.375;0.4375;1591;202;0;
865;2025.04.10 00:15;4;7.25;-0.625;-0.375;1593;202;0;
866;2025.04.10 00:30;4;7.125;-0.9375;-0.375;1593;202;0;
867;2025.04.10 00:45;4;7;-1.25;-0.6875;1592;202;0;
868;2025.04.10 01:00;4;6.875;-1.1875;-0.125;1592;202;0;
869;2025.04.10 01:15;4;6.75;-1;0.125;1593;202;0;
870;2025.04.10 01:30;4;6.6875;-1.375;-0.8125;1593;202;0;
871;2025.04.10 01:45;4;6.625;-1.375;-0.8125;1592;202;0;
872;2025.04.10 02:00;4;6.5;-1.75;-1.1875;1592;202;0;
873;2025.04.10 02:15;4;6.375;-1.75;-1.3125;1592;202;0;
874;2025.04.10 02:30;4;6.25;-1.875;-1.375;1592;202;0;
875;2025.04.10 02:45;4;6.1875;-2.0625;-1.4375;1592;202;0;
876;2025.04.10 03:00;4;6.125;-2.125;-1.6875;1592;202;0;
877;2025.04.10 03:15;4;6;-2.25;-1.8125;1591;202;0;
878;2025.04.10 03:30;4;5.875;-2.375;-1.75;1592;202;0;
879;2025.04.10 03:45;4;5.875;-2.625;-1.8125;1592;202;0;
880;2025.04.10 04:00;4;5.75;-2.25;-1.3125;1591;202;0;
881;2025.04.10 04:15;4;5.625;-2.375;-1.875;1591;202;0;
882;2025.04.10 04:30;4;5.5625;-2.375;-1.9375;1591;202;0;
883;2025.04.10 04:45;4;5.5;-2.3125;-1.9375;1592;202;0;
884;2025.04.10 05:00;4;5.4375;-0.875;0.25;1593;202;0;
885;2025.04.10 05:15;4;5.375;0.6875;2.375;1598;202;0;
886;2025.04.10 05:30;4;5.4375;2.875;5.0625;1604;202;0;
887;2025.04.10 05:45;4;5.5;4.375;6.25;1608;202;0;
888;2025.04.10 06:00;4;5.625;4.9375;5.5625;1609;202;0;
889;2025.04.10 06:15;4;5.75;6.5;7.75;1613;202;0;
890;2025.04.10 06:30;4;5.875;5.5625;5.75;1611;202;0;
891;2025.04.10 06:45;4;6;9;9.25;1617;202;0;
892;2025.04.10 07:00;4;6.125;10.6875;10.25;1620;202;0;
893;2025.04.10 07:15;4;6.4375;11.625;11;1622;202;0;
894;2025.04.10 07:30;4;6.75;13;12.375;1626;202;0;
895;2025.04.10 07:45;4;7;13.75;12.875;1628;202;0;
896;2025.04.10 08:00;4;7.3125;14.125;12.75;1629;202;0;
897;2025.04.10 08:15;4;7.625;14.4375;12.75;1630;202;0;
898;2025.04.10 08:30;4;7.875;14.9375;13;1628;202;0;
899;2025.04.10 08:45;4;8.1875;15.625;13.5;1632;202;0;
900;2025.04.10 09:00;4;8.5;16.5;13.75;1635;202;0;
901;2025.04.10 09:15;4;8.875;17.1875;14.375;1638;202;0;
902;2025.04.10 09:30;4;9.25;17.875;14.75;1641;202;0;
903;2025.04.10 09:45;4;9.625;18.125;14.8125;1643;202;0;
904;2025.04.10 10:00;4;9.875;17.9375;14.5625;1642;202;0;
905;2025.04.10 10:15;4;10.25;17.9375;14.375;1643;202;0;
906;2025.04.10 10:30;4;10.5;18.1875;14.5;1643;202;0;
907;2025.04.10 10:45;4;10.75;18.625;14.75;1645;202;0;
908;2025.04.10 11:00;4;11;19.0625;15;1647;202;0;
909;2025.04.10 11:15;4;11.3125;19.125;15.125;1645;202;0;
910;2025.04.10 11:30;4;11.5625;19.25;15.375;1646;202;0;
911;2025.04.10 11:45;4;11.75;18.5;14.8125;1643;202;0;
912;2025.04.10 12:00;4;11.9375;18.375;14.75;1645;202;0;
913;2025.04.10 12:15;4;12.125;19.4375;15.5;1646;202;0;
914;2025.04.10 12:30;4;12.3125;19.25;15.5;1644;202;0;
915;2025.04.10 12:45;4;12.5;17.875;14.6875;1640;202;0;
916;2025.04.10 13:00;4;12.5625;18.875;15.6875;1643;202;0;
917;2025.04.10 13:15;4;12.6875;18.5;15.625;1639;202;0;
918;2025.04.10 13:30;4;12.75;17.75;15;1636;202;0;
919;2025.04.10 13:45;4;12.875;18.375;15.75;1637;202;0;
920;2025.04.10 14:00;4;12.875;17.9375;15.75;1636;202;0;
921;2025.04.10 14:15;4;17.875;18;17.3125;409;202;0;
922;2025.04.10 14:30;4;19.375;19;20;441;202;0;
