0;2024.10.01 00:00;4;21.875;22.1875;22.25;499;202;0;
1;2024.10.01 00:15;4;21.875;22.1875;22.25;499;202;0;
2;2024.10.01 00:30;4;21.875;22.1875;22.25;499;202;0;
3;2024.10.01 00:45;4;21.875;22.1875;22.25;499;202;0;
4;2024.10.01 01:00;4;21.875;22.1875;22.1875;499;202;0;
5;2024.10.01 01:15;4;21.875;22.125;22.1875;499;202;0;
6;2024.10.01 01:30;4;21.875;22.125;22.1875;499;202;0;
7;2024.10.01 01:45;4;21.875;22.125;22.1875;499;202;0;
8;2024.10.01 02:00;4;21.875;22.125;22.1875;499;202;0;
9;2024.10.01 02:15;4;21.875;22.125;22.125;499;202;0;
10;2024.10.01 02:30;4;21.875;22.125;22.125;499;202;0;
11;2024.10.01 02:45;4;21.875;22.125;22.125;499;202;0;
12;2024.10.01 03:00;4;21.875;22.125;22.125;499;202;0;
13;2024.10.01 03:15;4;21.8125;22.125;22.125;499;202;0;
14;2024.10.01 03:30;4;21.8125;22.125;22.125;499;202;0;
15;2024.10.01 03:45;4;21.8125;22.125;22.125;499;202;0;
16;2024.10.01 04:00;4;21.8125;22.125;22.125;499;202;0;
17;2024.10.01 04:15;4;21.8125;22.125;22.125;499;202;0;
18;2024.10.01 04:30;4;21.8125;22.125;22.125;499;202;0;
19;2024.10.01 04:45;4;21.875;22.125;22.125;499;202;0;
20;2024.10.01 05:00;4;21.875;22.125;22.125;499;202;0;
21;2024.10.01 05:15;4;21.875;22.125;22.125;499;202;0;
22;2024.10.01 05:30;4;21.875;22.125;22.1875;499;202;0;
23;2024.10.01 05:45;4;21.875;22.125;22.1875;499;202;0;
24;2024.10.01 06:00;4;21.875;22.125;22.1875;499;202;0;
25;2024.10.01 06:15;4;21.875;22.125;22.1875;499;202;0;
26;2024.10.01 06:30;4;21.875;22.125;22.1875;499;202;0;
27;2024.10.01 06:45;4;21.875;22.125;22.25;499;202;0;
28;2024.10.01 07:00;4;21.9375;22.1875;22.25;499;202;0;
29;2024.10.01 07:15;4;22;22.25;22.25;499;202;0;
30;2024.10.01 07:30;4;22;22.25;22.3125;499;202;0;
31;2024.10.01 07:45;4;22;22.25;22.375;499;202;0;
32;2024.10.01 08:00;4;22.0625;22.25;22.375;500;202;0;
33;2024.10.01 08:15;4;22.125;22.3125;22.375;500;202;0;
34;2024.10.01 08:30;4;22.0625;22.375;22.375;500;202;0;
35;2024.10.01 08:45;4;22.0625;22.375;22.375;500;202;0;
36;2024.10.01 09:00;4;22.125;22.375;22.375;500;202;0;
37;2024.10.01 09:15;4;22.125;22.375;22.375;500;202;0;
38;2024.10.01 09:30;4;22.125;22.375;22.375;500;202;0;
39;2024.10.01 09:45;4;22.125;22.375;22.4375;500;202;0;
40;2024.10.01 10:00;4;22.1875;22.375;22.5;500;202;0;
41;2024.10.01 10:15;4;22.25;22.4375;22.5;500;202;0;
42;2024.10.01 10:30;4;22.25;22.4375;22.5;500;202;0;
43;2024.10.01 10:45;4;22.1875;22.4375;22.5;500;202;0;
44;2024.10.01 11:00;4;22.1875;22.4375;22.5;500;202;0;
45;2024.10.01 11:15;4;22.1875;22.5;22.5;500;202;0;
46;2024.10.01 11:30;4;22.1875;22.4375;22.5;500;202;0;
47;2024.10.01 11:45;4;22.1875;22.4375;22.5;500;202;0;
48;2024.10.01 12:00;4;22.125;22.4375;22.5;500;202;0;
49;2024.10.01 12:15;4;22.125;22.4375;22.5;500;202;0;
50;2024.10.01 12:30;4;22.125;22.4375;22.4375;500;202;0;
51;2024.10.01 12:45;4;22.125;22.375;22.4375;500;202;0;
52;2024.10.01 13:00;4;22.125;22.375;22.4375;500;202;0;
53;2024.10.01 13:15;4;22.1875;22.4375;22.5;500;202;0;
54;2024.10.01 13:30;4;22.25;22.4375;22.5;500;202;0;
55;2024.10.01 13:45;4;22.25;22.5;22.5;500;202;0;
56;2024.10.01 14:00;4;22.25;22.5;22.5;500;202;0;
57;2024.10.01 14:15;4;22.25;22.5;22.5;500;202;0;
58;2024.10.01 14:30;4;22.25;22.5;22.5625;500;202;0;
59;2024.10.01 14:45;4;22.25;22.5;22.5625;500;202;0;
60;2024.10.01 15:00;4;22.25;22.5;22.625;500;202;0;
61;2024.10.01 15:15;4;22.3125;22.5;22.625;500;202;0;
62;2024.10.01 15:30;4;22.375;22.5625;22.625;500;202;0;
63;2024.10.01 15:45;4;22.375;22.5625;22.625;500;202;0;
64;2024.10.01 16:00;4;22.375;22.5625;22.625;500;202;0;
65;2024.10.01 16:15;4;22.375;22.625;22.625;500;202;0;
66;2024.10.01 16:30;4;22.25;22.625;22.625;500;202;0;
67;2024.10.01 16:45;4;22.25;22.5;22.5625;500;202;0;
68;2024.10.01 17:00;4;22.25;22.5;22.5;500;202;0;
69;2024.10.01 17:15;4;22.25;22.5;22.5;500;202;0;
70;2024.10.01 17:30;4;22.1875;22.5;22.5;500;202;0;
71;2024.10.01 17:45;4;22.125;22.5;22.5;500;202;0;
72;2024.10.01 18:00;4;22.125;22.4375;22.5;500;202;0;
73;2024.10.01 18:15;4;22.125;22.4375;22.5;500;202;0;
74;2024.10.01 18:30;4;22.125;22.375;22.4375;499;202;0;
75;2024.10.01 18:45;4;22.125;22.375;22.4375;499;202;0;
76;2024.10.01 19:00;4;22.125;22.375;22.375;499;202;0;
77;2024.10.01 19:15;4;22.125;22.375;22.375;499;202;0;
78;2024.10.01 19:30;4;22.0625;22.375;22.375;499;202;0;
79;2024.10.01 19:45;4;22.0625;22.375;22.375;499;202;0;
80;2024.10.01 20:00;4;22;22.375;22.375;499;202;0;
81;2024.10.01 20:15;4;22;22.3125;22.375;499;202;0;
82;2024.10.01 20:30;4;22;22.3125;22.375;499;202;0;
83;2024.10.01 20:45;4;22;22.3125;22.375;499;202;0;
84;2024.10.01 21:00;4;22;22.25;22.375;499;202;0;
85;2024.10.01 21:15;4;22;22.25;22.3125;499;202;0;
86;2024.10.01 21:30;4;22;22.25;22.3125;499;202;0;
87;2024.10.01 21:45;4;22;22.25;22.25;499;202;0;
88;2024.10.01 22:00;4;21.9375;22.25;22.25;499;202;0;
89;2024.10.01 22:15;4;21.9375;22.25;22.25;499;202;0;
90;2024.10.01 22:30;4;21.9375;22.25;22.25;499;202;0;
91;2024.10.01 22:45;4;21.875;22.25;22.25;499;202;0;
92;2024.10.01 23:00;4;21.875;22.25;22.25;499;202;0;
93;2024.10.01 23:15;4;21.875;22.1875;22.25;498;202;0;
94;2024.10.01 23:30;4;21.875;22.1875;22.25;498;202;0;
95;2024.10.01 23:45;4;21.875;22.125;22.1875;498;202;0;
96;2024.10.02 00:00;4;21.875;22.125;22.1875;498;202;0;
97;2024.10.02 00:15;4;21.875;22.125;22.1875;498;202;0;
98;2024.10.02 00:30;4;21.875;22.125;22.125;498;202;0;
99;2024.10.02 00:45;4;21.875;22.125;22.125;498;202;0;
100;2024.10.02 01:00;4;21.8125;22.125;22.125;498;202;0;
101;2024.10.02 01:15;4;21.8125;22.125;22.125;498;202;0;
102;2024.10.02 01:30;4;21.8125;22.125;22.125;498;202;0;
103;2024.10.02 01:45;4;21.8125;22.125;22.125;498;202;0;
104;2024.10.02 02:00;4;21.75;22.125;22.125;498;202;0;
105;2024.10.02 02:15;4;21.75;22.0625;22.125;498;202;0;
106;2024.10.02 02:30;4;21.75;22.0625;22.125;498;202;0;
107;2024.10.02 02:45;4;21.75;22.0625;22.125;498;202;0;
108;2024.10.02 03:00;4;21.75;22.0625;22.125;498;202;0;
109;2024.10.02 03:15;4;21.75;22;22.0625;498;202;0;
110;2024.10.02 03:30;4;21.75;22;22.0625;498;202;0;
111;2024.10.02 03:45;4;21.75;22;22.0625;498;202;0;
112;2024.10.02 04:00;4;21.75;22;22;498;202;0;
113;2024.10.02 04:15;4;21.75;22;22;498;202;0;
114;2024.10.02 04:30;4;21.75;22;22.0625;497;202;0;
115;2024.10.02 04:45;4;21.75;22;22;497;202;0;
116;2024.10.02 05:00;4;21.75;22;22;497;202;0;
117;2024.10.02 05:15;4;21.75;22;22.0625;497;202;0;
118;2024.10.02 05:30;4;21.75;22;22;497;202;0;
119;2024.10.02 05:45;4;21.75;22;22.0625;497;202;0;
120;2024.10.02 06:00;4;21.75;22;22.0625;498;202;0;
121;2024.10.02 06:15;4;21.75;22;22.125;498;202;0;
122;2024.10.02 06:30;4;21.8125;22.0625;22.125;498;202;0;
123;2024.10.02 06:45;4;21.875;22.125;22.125;498;202;0;
124;2024.10.02 07:00;4;21.875;22.125;22.125;498;202;0;
125;2024.10.02 07:15;4;21.875;22.125;22.25;498;202;0;
126;2024.10.02 07:30;4;21.9375;22.1875;22.25;498;202;0;
127;2024.10.02 07:45;4;22;22.25;22.25;499;202;0;
128;2024.10.02 08:00;4;22;22.25;22.375;499;202;0;
129;2024.10.02 08:15;4;22.0625;22.25;22.375;499;202;0;
130;2024.10.02 08:30;4;22.125;22.3125;22.375;499;202;0;
131;2024.10.02 08:45;4;22.125;22.375;22.4375;499;202;0;
132;2024.10.02 09:00;4;22.125;22.375;22.4375;499;202;0;
133;2024.10.02 09:15;4;22.1875;22.375;22.5;499;202;0;
134;2024.10.02 09:30;4;22.25;22.375;22.5;499;202;0;
135;2024.10.02 09:45;4;22.25;22.5;22.5;500;202;0;
136;2024.10.02 10:00;4;22.25;22.5;22.5;500;202;0;
137;2024.10.02 10:15;4;22.25;22.5;22.5625;500;202;0;
138;2024.10.02 10:30;4;22.25;22.5;22.5625;500;202;0;
139;2024.10.02 10:45;4;22.25;22.5;22.5625;500;202;0;
140;2024.10.02 11:00;4;22.25;22.5;22.5625;500;202;0;
141;2024.10.02 11:15;4;22.25;22.5;22.5625;500;202;0;
142;2024.10.02 11:30;4;22.25;22.5;22.5625;500;202;0;
143;2024.10.02 11:45;4;22.3125;22.5;22.625;500;202;0;
144;2024.10.02 12:00;4;22.375;22.5625;22.625;500;202;0;
145;2024.10.02 12:15;4;22.375;22.5625;22.625;500;202;0;
146;2024.10.02 12:30;4;22.375;22.5625;22.625;500;202;0;
147;2024.10.02 12:45;4;22.375;22.625;22.625;500;202;0;
148;2024.10.02 13:00;4;22.375;22.625;22.625;500;202;0;
149;2024.10.02 13:15;4;22.375;22.625;22.6875;500;202;0;
150;2024.10.02 13:30;4;22.375;22.625;22.6875;500;202;0;
151;2024.10.02 13:45;4;22.375;22.625;22.6875;500;202;0;
152;2024.10.02 14:00;4;22.4375;22.625;22.75;500;202;0;
153;2024.10.02 14:15;4;22.5;22.625;22.75;500;202;0;
154;2024.10.02 14:30;4;22.5;22.6875;22.75;500;202;0;
155;2024.10.02 14:45;4;22.5;22.6875;22.75;500;202;0;
156;2024.10.02 15:00;4;22.375;22.6875;22.75;500;202;0;
157;2024.10.02 15:15;4;22.375;22.625;22.6875;500;202;0;
158;2024.10.02 15:30;4;22.375;22.625;22.625;500;202;0;
159;2024.10.02 15:45;4;22.375;22.625;22.625;500;202;0;
160;2024.10.02 16:00;4;22.3125;22.625;22.625;500;202;0;
161;2024.10.02 16:15;4;22.25;22.5625;22.625;500;202;0;
162;2024.10.02 16:30;4;22.25;22.5625;22.5625;499;202;0;
163;2024.10.02 16:45;4;22.25;22.5;22.5;499;202;0;
164;2024.10.02 17:00;4;22.25;22.5;22.5;499;202;0;
165;2024.10.02 17:15;4;22.25;22.5;22.5;499;202;0;
166;2024.10.02 17:30;4;22.1875;22.5;22.5;499;202;0;
167;2024.10.02 17:45;4;22.1875;22.5;22.5;499;202;0;
168;2024.10.02 18:00;4;22.1875;22.5;22.5;499;202;0;
169;2024.10.02 18:15;4;22.125;22.4375;22.5;499;202;0;
170;2024.10.02 18:30;4;22.125;22.4375;22.5;499;202;0;
171;2024.10.02 18:45;4;22.125;22.4375;22.5;499;202;0;
172;2024.10.02 19:00;4;22.125;22.375;22.4375;499;202;0;
173;2024.10.02 19:15;4;22.125;22.375;22.4375;499;202;0;
174;2024.10.02 19:30;4;22.125;22.375;22.4375;499;202;0;
175;2024.10.02 19:45;4;22.125;22.375;22.375;499;202;0;
176;2024.10.02 20:00;4;22.125;22.375;22.375;499;202;0;
177;2024.10.02 20:15;4;22.125;22.375;22.375;499;202;0;
178;2024.10.02 20:30;4;22.125;22.375;22.375;499;202;0;
179;2024.10.02 20:45;4;22.125;22.375;22.375;499;202;0;
180;2024.10.02 21:00;4;22.125;22.375;22.375;499;202;0;
181;2024.10.02 21:15;4;22.125;22.375;22.375;499;202;0;
182;2024.10.02 21:30;4;22.0625;22.375;22.375;499;202;0;
183;2024.10.02 21:45;4;22.0625;22.375;22.375;499;202;0;
184;2024.10.02 22:00;4;22.0625;22.375;22.375;499;202;0;
185;2024.10.02 22:15;4;22.0625;22.375;22.375;499;202;0;
186;2024.10.02 22:30;4;22;22.375;22.375;498;202;0;
187;2024.10.02 22:45;4;22;22.3125;22.375;498;202;0;
188;2024.10.02 23:00;4;22;22.3125;22.375;498;202;0;
189;2024.10.02 23:15;4;22;22.3125;22.375;498;202;0;
190;2024.10.02 23:30;4;22;22.25;22.375;498;202;0;
191;2024.10.02 23:45;4;22;22.25;22.3125;498;202;0;
192;2024.10.03 00:00;4;22;22.25;22.3125;498;202;0;
193;2024.10.03 00:15;4;22;22.25;22.3125;498;202;0;
194;2024.10.03 00:30;4;22;22.25;22.25;498;202;0;
195;2024.10.03 00:45;4;22;22.25;22.25;498;202;0;
196;2024.10.03 01:00;4;21.9375;22.25;22.25;498;202;0;
197;2024.10.03 01:15;4;21.9375;22.25;22.25;498;202;0;
198;2024.10.03 01:30;4;21.9375;22.25;22.25;498;202;0;
199;2024.10.03 01:45;4;21.9375;22.25;22.25;498;202;0;
200;2024.10.03 02:00;4;21.9375;22.25;22.25;498;202;0;
201;2024.10.03 02:15;4;21.875;22.25;22.25;498;202;0;
202;2024.10.03 02:30;4;21.875;22.1875;22.25;498;202;0;
203;2024.10.03 02:45;4;21.875;22.1875;22.25;498;202;0;
204;2024.10.03 03:00;4;21.875;22.1875;22.25;498;202;0;
205;2024.10.03 03:15;4;21.875;22.1875;22.25;498;202;0;
206;2024.10.03 03:30;4;21.875;22.1875;22.25;498;202;0;
207;2024.10.03 03:45;4;21.875;22.125;22.25;498;202;0;
208;2024.10.03 04:00;4;21.875;22.125;22.1875;498;202;0;
209;2024.10.03 04:15;4;21.875;22.125;22.1875;498;202;0;
210;2024.10.03 04:30;4;21.875;22.125;22.1875;498;202;0;
211;2024.10.03 04:45;4;21.875;22.125;22.1875;498;202;0;
212;2024.10.03 05:00;4;21.875;22.125;22.1875;498;202;0;
213;2024.10.03 05:15;4;21.875;22.125;22.25;498;202;0;
214;2024.10.03 05:30;4;21.875;22.125;22.1875;498;202;0;
215;2024.10.03 05:45;4;21.875;22.125;22.25;498;202;0;
216;2024.10.03 06:00;4;21.875;22.125;22.25;498;202;0;
217;2024.10.03 06:15;4;21.875;22.1875;22.25;498;202;0;
218;2024.10.03 06:30;4;21.875;22.1875;22.25;498;202;0;
219;2024.10.03 06:45;4;21.9375;22.1875;22.25;498;202;0;
220;2024.10.03 07:00;4;22;22.25;22.25;498;202;0;
221;2024.10.03 07:15;4;22;22.25;22.3125;498;202;0;
222;2024.10.03 07:30;4;22.0625;22.25;22.375;498;202;0;
223;2024.10.03 07:45;4;22.125;22.3125;22.375;499;202;0;
224;2024.10.03 08:00;4;22.125;22.375;22.4375;499;202;0;
225;2024.10.03 08:15;4;22.1875;22.375;22.5;499;202;0;
226;2024.10.03 08:30;4;22.125;22.375;22.5;499;202;0;
227;2024.10.03 08:45;4;22.125;22.375;22.5;499;202;0;
228;2024.10.03 09:00;4;22.125;22.375;22.5;499;202;0;
229;2024.10.03 09:15;4;22.1875;22.4375;22.5;499;202;0;
230;2024.10.03 09:30;4;22.25;22.4375;22.5;499;202;0;
231;2024.10.03 09:45;4;22.25;22.5;22.5;499;202;0;
232;2024.10.03 10:00;4;22.25;22.5;22.5;499;202;0;
233;2024.10.03 10:15;4;22.25;22.5;22.5;499;202;0;
234;2024.10.03 10:30;4;22.25;22.5;22.5;499;202;0;
235;2024.10.03 10:45;4;22.25;22.5;22.5;499;202;0;
236;2024.10.03 11:00;4;22.25;22.5;22.5;499;202;0;
237;2024.10.03 11:15;4;22.25;22.5;22.5;499;202;0;
238;2024.10.03 11:30;4;22.25;22.5;22.5;499;202;0;
239;2024.10.03 11:45;4;22.25;22.5;22.5625;499;202;0;
240;2024.10.03 12:00;4;22.3125;22.5;22.5625;499;202;0;
241;2024.10.03 12:15;4;22.375;22.5;22.625;499;202;0;
242;2024.10.03 12:30;4;22.375;22.5625;22.625;499;202;0;
243;2024.10.03 12:45;4;22.375;22.625;22.625;500;202;0;
244;2024.10.03 13:00;4;22.375;22.625;22.625;500;202;0;
245;2024.10.03 13:15;4;22.375;22.625;22.625;500;202;0;
246;2024.10.03 13:30;4;22.375;22.625;22.625;500;202;0;
247;2024.10.03 13:45;4;22.375;22.625;22.625;500;202;0;
248;2024.10.03 14:00;4;22.375;22.625;22.625;499;202;0;
249;2024.10.03 14:15;4;22.3125;22.625;22.625;499;202;0;
250;2024.10.03 14:30;4;22.25;22.625;22.625;499;202;0;
251;2024.10.03 14:45;4;22.25;22.5625;22.625;499;202;0;
252;2024.10.03 15:00;4;22.25;22.5;22.5625;499;202;0;
253;2024.10.03 15:15;4;22.25;22.5;22.5625;499;202;0;
254;2024.10.03 15:30;4;22.25;22.5;22.5;499;202;0;
255;2024.10.03 15:45;4;22.25;22.5;22.5;499;202;0;
256;2024.10.03 16:00;4;22.25;22.5;22.5;499;202;0;
257;2024.10.03 16:15;4;22.1875;22.5;22.5;499;202;0;
258;2024.10.03 16:30;4;22.1875;22.5;22.5;499;202;0;
259;2024.10.03 16:45;4;22.125;22.5;22.5;499;202;0;
260;2024.10.03 17:00;4;22.125;22.4375;22.5;499;202;0;
261;2024.10.03 17:15;4;22.125;22.4375;22.5;499;202;0;
262;2024.10.03 17:30;4;22.125;22.375;22.4375;499;202;0;
263;2024.10.03 17:45;4;22.125;22.375;22.4375;499;202;0;
264;2024.10.03 18:00;4;22.125;22.375;22.4375;499;202;0;
265;2024.10.03 18:15;4;22.125;22.375;22.375;498;202;0;
266;2024.10.03 18:30;4;22.125;22.375;22.375;498;202;0;
267;2024.10.03 18:45;4;22.125;22.375;22.375;498;202;0;
268;2024.10.03 19:00;4;22.125;22.375;22.375;498;202;0;
269;2024.10.03 19:15;4;22.125;22.375;22.375;498;202;0;
270;2024.10.03 19:30;4;22.0625;22.375;22.375;498;202;0;
271;2024.10.03 19:45;4;22.0625;22.375;22.375;498;202;0;
272;2024.10.03 20:00;4;22.0625;22.375;22.375;498;202;0;
273;2024.10.03 20:15;4;22.0625;22.375;22.375;498;202;0;
274;2024.10.03 20:30;4;22;22.375;22.375;498;202;0;
275;2024.10.03 20:45;4;22;22.3125;22.375;498;202;0;
276;2024.10.03 21:00;4;22;22.3125;22.3125;498;202;0;
277;2024.10.03 21:15;4;22;22.3125;22.3125;498;202;0;
278;2024.10.03 21:30;4;22;22.25;22.3125;498;202;0;
279;2024.10.03 21:45;4;22;22.25;22.3125;498;202;0;
280;2024.10.03 22:00;4;22;22.25;22.25;498;202;0;
281;2024.10.03 22:15;4;22;22.25;22.25;498;202;0;
282;2024.10.03 22:30;4;22;22.25;22.25;498;202;0;
283;2024.10.03 22:45;4;22;22.25;22.25;498;202;0;
284;2024.10.03 23:00;4;21.9375;22.25;22.25;498;202;0;
285;2024.10.03 23:15;4;21.9375;22.25;22.25;498;202;0;
286;2024.10.03 23:30;4;21.875;22.25;22.25;498;202;0;
287;2024.10.03 23:45;4;21.875;22.1875;22.25;498;202;0;
288;2024.10.04 00:00;4;21.875;22.1875;22.25;498;202;0;
289;2024.10.04 00:15;4;21.875;22.1875;22.25;498;202;0;
290;2024.10.04 00:30;4;21.875;22.125;22.1875;497;202;0;
291;2024.10.04 00:45;4;21.875;22.125;22.1875;497;202;0;
292;2024.10.04 01:00;4;21.875;22.125;22.1875;497;202;0;
293;2024.10.04 01:15;4;21.8125;22.125;22.125;497;202;0;
294;2024.10.04 01:30;4;21.8125;22.125;22.125;497;202;0;
295;2024.10.04 01:45;4;21.75;22.125;22.125;497;202;0;
296;2024.10.04 02:00;4;21.75;22.125;22.125;497;202;0;
297;2024.10.04 02:15;4;21.75;22.0625;22.125;497;202;0;
298;2024.10.04 02:30;4;21.75;22.0625;22.125;497;202;0;
299;2024.10.04 02:45;4;21.75;22;22.125;497;202;0;
300;2024.10.04 03:00;4;21.75;22;22.0625;497;202;0;
301;2024.10.04 03:15;4;21.75;22;22.0625;497;202;0;
302;2024.10.04 03:30;4;21.75;22;22.0625;497;202;0;
303;2024.10.04 03:45;4;21.6875;22;22.0625;497;202;0;
304;2024.10.04 04:00;4;21.6875;22;22;497;202;0;
305;2024.10.04 04:15;4;21.6875;22;22;497;202;0;
306;2024.10.04 04:30;4;21.6875;22;22;497;202;0;
307;2024.10.04 04:45;4;21.8125;22;22.125;497;202;0;
308;2024.10.04 05:00;4;21.75;22;22.125;497;202;0;
309;2024.10.04 05:15;4;21.625;22;22;497;202;0;
310;2024.10.04 05:30;4;21.625;22;22;497;202;0;
311;2024.10.04 05:45;4;21.625;22;22;497;202;0;
312;2024.10.04 06:00;4;21.625;22;22;497;202;0;
313;2024.10.04 06:15;4;21.625;21.9375;22;497;202;0;
314;2024.10.04 06:30;4;21.625;21.9375;22;497;202;0;
315;2024.10.04 06:45;4;21.6875;22;22;497;202;0;
316;2024.10.04 07:00;4;21.75;22;22;497;202;0;
317;2024.10.04 07:15;4;21.75;22;22.0625;497;202;0;
318;2024.10.04 07:30;4;21.75;22;22.125;497;202;0;
319;2024.10.04 07:45;4;21.875;22.0625;22.125;497;202;0;
320;2024.10.04 08:00;4;21.875;22.125;22.1875;498;202;0;
321;2024.10.04 08:15;4;21.9375;22.125;22.25;498;202;0;
322;2024.10.04 08:30;4;22;22.1875;22.25;498;202;0;
323;2024.10.04 08:45;4;22;22.25;22.3125;498;202;0;
324;2024.10.04 09:00;4;22.0625;22.25;22.375;498;202;0;
325;2024.10.04 09:15;4;22.125;22.3125;22.375;499;202;0;
326;2024.10.04 09:30;4;22.0625;22.375;22.375;499;202;0;
327;2024.10.04 09:45;4;22.0625;22.375;22.375;499;202;0;
328;2024.10.04 10:00;4;22.125;22.375;22.4375;499;202;0;
329;2024.10.04 10:15;4;22.125;22.375;22.4375;499;202;0;
330;2024.10.04 10:30;4;22.125;22.375;22.4375;499;202;0;
331;2024.10.04 10:45;4;22.0625;22.375;22.375;499;202;0;
332;2024.10.04 11:00;4;22.0625;22.375;22.375;499;202;0;
333;2024.10.04 11:15;4;22.125;22.375;22.4375;499;202;0;
334;2024.10.04 11:30;4;22.1875;22.375;22.5;499;202;0;
335;2024.10.04 11:45;4;22.25;22.4375;22.5;499;202;0;
336;2024.10.04 12:00;4;22.3125;22.5;22.5625;499;202;0;
337;2024.10.04 12:15;4;22.375;22.5;22.625;499;202;0;
338;2024.10.04 12:30;4;22.375;22.625;22.625;500;202;0;
339;2024.10.04 12:45;4;22.4375;22.625;22.75;500;202;0;
340;2024.10.04 13:00;4;22.5;22.625;22.75;500;202;0;
341;2024.10.04 13:15;4;22.5;22.6875;22.75;500;202;0;
342;2024.10.04 13:30;4;22.5;22.75;22.75;500;202;0;
343;2024.10.04 13:45;4;22.5;22.75;22.8125;500;202;0;
344;2024.10.04 14:00;4;22.5625;22.75;22.875;500;202;0;
345;2024.10.04 14:15;4;22.5625;22.75;22.875;500;202;0;
346;2024.10.04 14:30;4;22.625;22.8125;22.875;501;202;0;
347;2024.10.04 14:45;4;22.625;22.8125;22.875;501;202;0;
348;2024.10.04 15:00;4;22.625;22.875;22.875;501;202;0;
349;2024.10.04 15:15;4;22.625;22.875;22.9375;501;202;0;
350;2024.10.04 15:30;4;22.625;22.875;22.9375;501;202;0;
351;2024.10.04 15:45;4;22.625;22.875;22.9375;501;202;0;
352;2024.10.04 16:00;4;22.625;22.875;22.9375;501;202;0;
353;2024.10.04 16:15;4;22.625;22.875;22.875;501;202;0;
354;2024.10.04 16:30;4;22.625;22.875;22.875;501;202;0;
355;2024.10.04 16:45;4;22.5625;22.875;22.875;501;202;0;
356;2024.10.04 17:00;4;22.5625;22.875;22.875;501;202;0;
357;2024.10.04 17:15;4;22.5625;22.875;22.875;501;202;0;
358;2024.10.04 17:30;4;22.5625;22.875;22.875;501;202;0;
359;2024.10.04 17:45;4;22.5625;22.875;22.875;501;202;0;
360;2024.10.04 18:00;4;22.5625;22.875;22.875;501;202;0;
361;2024.10.04 18:15;4;22.5625;22.875;22.875;501;202;0;
362;2024.10.04 18:30;4;22.5625;22.875;22.875;501;202;0;
363;2024.10.04 18:45;4;22.5625;22.875;22.875;501;202;0;
364;2024.10.04 19:00;4;22.5625;22.875;22.875;501;202;0;
365;2024.10.04 19:15;4;22.5;22.875;22.875;501;202;0;
366;2024.10.04 19:30;4;22.5;22.875;22.875;500;202;0;
367;2024.10.04 19:45;4;22.5;22.8125;22.875;500;202;0;
368;2024.10.04 20:00;4;22.5;22.8125;22.875;500;202;0;
369;2024.10.04 20:15;4;22.5;22.8125;22.875;500;202;0;
370;2024.10.04 20:30;4;22.5;22.8125;22.875;500;202;0;
371;2024.10.04 20:45;4;22.5;22.8125;22.8125;500;202;0;
372;2024.10.04 21:00;4;22.5;22.75;22.8125;500;202;0;
373;2024.10.04 21:15;4;22.5;22.75;22.8125;500;202;0;
374;2024.10.04 21:30;4;22.5;22.75;22.8125;500;202;0;
375;2024.10.04 21:45;4;22.5;22.75;22.75;500;202;0;
376;2024.10.04 22:00;4;22.5;22.75;22.75;500;202;0;
377;2024.10.04 22:15;4;22.4375;22.75;22.75;500;202;0;
378;2024.10.04 22:30;4;22.4375;22.75;22.75;500;202;0;
379;2024.10.04 22:45;4;22.4375;22.75;22.75;500;202;0;
380;2024.10.04 23:00;4;22.4375;22.75;22.75;500;202;0;
381;2024.10.04 23:15;4;22.375;22.75;22.75;500;202;0;
382;2024.10.04 23:30;4;22.375;22.6875;22.75;500;202;0;
383;2024.10.04 23:45;4;22.375;22.6875;22.75;500;202;0;
384;2024.10.05 00:00;4;22.375;22.6875;22.75;500;202;0;
385;2024.10.05 00:15;4;22.375;22.6875;22.6875;500;202;0;
386;2024.10.05 00:30;4;22.375;22.6875;22.6875;500;202;0;
387;2024.10.05 00:45;4;22.375;22.625;22.6875;500;202;0;
388;2024.10.05 01:00;4;22.375;22.625;22.6875;500;202;0;
389;2024.10.05 01:15;4;22.375;22.625;22.6875;500;202;0;
390;2024.10.05 01:30;4;22.375;22.625;22.625;500;202;0;
391;2024.10.05 01:45;4;22.375;22.625;22.625;499;202;0;
392;2024.10.05 02:00;4;22.375;22.625;22.625;499;202;0;
393;2024.10.05 02:15;4;22.375;22.625;22.625;499;202;0;
394;2024.10.05 02:30;4;22.3125;22.625;22.625;499;202;0;
395;2024.10.05 02:45;4;22.3125;22.625;22.625;499;202;0;
396;2024.10.05 03:00;4;22.3125;22.625;22.625;499;202;0;
397;2024.10.05 03:15;4;22.3125;22.625;22.625;499;202;0;
398;2024.10.05 03:30;4;22.25;22.625;22.625;499;202;0;
399;2024.10.05 03:45;4;22.25;22.625;22.625;499;202;0;
400;2024.10.05 04:00;4;22.25;22.5625;22.625;499;202;0;
401;2024.10.05 04:15;4;22.25;22.5625;22.625;499;202;0;
402;2024.10.05 04:30;4;22.25;22.5625;22.625;499;202;0;
403;2024.10.05 04:45;4;22.25;22.5625;22.625;499;202;0;
404;2024.10.05 05:00;4;22.25;22.5625;22.5625;499;202;0;
405;2024.10.05 05:15;4;22.25;22.5625;22.5625;499;202;0;
406;2024.10.05 05:30;4;22.25;22.5625;22.5625;499;202;0;
407;2024.10.05 05:45;4;22.25;22.5;22.5625;499;202;0;
408;2024.10.05 06:00;4;22.25;22.5;22.5625;499;202;0;
409;2024.10.05 06:15;4;22.25;22.5;22.5625;499;202;0;
410;2024.10.05 06:30;4;22.25;22.5625;22.625;499;202;0;
411;2024.10.05 06:45;4;22.3125;22.5625;22.625;499;202;0;
412;2024.10.05 07:00;4;22.375;22.625;22.625;499;202;0;
413;2024.10.05 07:15;4;22.375;22.625;22.6875;499;202;0;
414;2024.10.05 07:30;4;22.4375;22.625;22.75;499;202;0;
415;2024.10.05 07:45;4;22.5;22.6875;22.75;499;202;0;
416;2024.10.05 08:00;4;22.5;22.75;22.8125;500;202;0;
417;2024.10.05 08:15;4;22.5;22.75;22.875;500;202;0;
418;2024.10.05 08:30;4;22.5625;22.8125;22.875;500;202;0;
419;2024.10.05 08:45;4;22.625;22.875;22.875;500;202;0;
420;2024.10.05 09:00;4;22.625;22.875;22.875;500;202;0;
421;2024.10.05 09:15;4;22.625;22.875;22.9375;500;202;0;
422;2024.10.05 09:30;4;22.625;22.875;23;500;202;0;
423;2024.10.05 09:45;4;22.625;22.9375;23;501;202;0;
424;2024.10.05 10:00;4;22.6875;23;23;501;202;0;
425;2024.10.05 10:15;4;22.75;23;23;501;202;0;
426;2024.10.05 10:30;4;22.75;23;23.0625;501;202;0;
427;2024.10.05 10:45;4;22.75;23;23.125;501;202;0;
428;2024.10.05 11:00;4;22.75;23.0625;23.125;501;202;0;
429;2024.10.05 11:15;4;22.8125;23.0625;23.125;501;202;0;
430;2024.10.05 11:30;4;22.875;23.125;23.125;501;202;0;
431;2024.10.05 11:45;4;22.875;23.125;23.125;501;202;0;
432;2024.10.05 12:00;4;22.875;23.125;23.1875;501;202;0;
433;2024.10.05 12:15;4;22.875;23.125;23.1875;502;202;0;
434;2024.10.05 12:30;4;22.875;23.125;23.25;502;202;0;
435;2024.10.05 12:45;4;22.875;23.1875;23.25;502;202;0;
436;2024.10.05 13:00;4;22.9375;23.1875;23.25;502;202;0;
437;2024.10.05 13:15;4;22.9375;23.25;23.25;502;202;0;
438;2024.10.05 13:30;4;23;23.25;23.25;502;202;0;
439;2024.10.05 13:45;4;23;23.25;23.25;502;202;0;
440;2024.10.05 14:00;4;23;23.25;23.3125;502;202;0;
441;2024.10.05 14:15;4;23;23.25;23.3125;502;202;0;
442;2024.10.05 14:30;4;23;23.25;23.375;502;202;0;
443;2024.10.05 14:45;4;23;23.3125;23.375;502;202;0;
444;2024.10.05 15:00;4;23.0625;23.3125;23.375;502;202;0;
445;2024.10.05 15:15;4;23.0625;23.375;23.375;502;202;0;
446;2024.10.05 15:30;4;23.0625;23.375;23.375;502;202;0;
447;2024.10.05 15:45;4;23.0625;23.375;23.375;502;202;0;
448;2024.10.05 16:00;4;23.125;23.375;23.375;502;202;0;
449;2024.10.05 16:15;4;23.125;23.375;23.375;502;202;0;
450;2024.10.05 16:30;4;23.125;23.375;23.375;502;202;0;
451;2024.10.05 16:45;4;23.125;23.375;23.375;502;202;0;
452;2024.10.05 17:00;4;23.125;23.375;23.375;502;202;0;
453;2024.10.05 17:15;4;23.125;23.375;23.4375;502;202;0;
454;2024.10.05 17:30;4;23.125;23.375;23.4375;503;202;0;
455;2024.10.05 17:45;4;23.125;23.375;23.4375;503;202;0;
456;2024.10.05 18:00;4;23.125;23.375;23.4375;503;202;0;
457;2024.10.05 18:15;4;23.125;23.375;23.4375;503;202;0;
458;2024.10.05 18:30;4;23.125;23.375;23.4375;503;202;0;
459;2024.10.05 18:45;4;23.125;23.375;23.4375;502;202;0;
460;2024.10.05 19:00;4;23.125;23.375;23.4375;503;202;0;
461;2024.10.05 19:15;4;23.125;23.375;23.375;502;202;0;
462;2024.10.05 19:30;4;23.0625;23.375;23.375;502;202;0;
463;2024.10.05 19:45;4;23.0625;23.375;23.375;502;202;0;
464;2024.10.05 20:00;4;23.0625;23.375;23.375;502;202;0;
465;2024.10.05 20:15;4;23;23.375;23.375;502;202;0;
466;2024.10.05 20:30;4;23;23.375;23.375;502;202;0;
467;2024.10.05 20:45;4;23;23.3125;23.375;502;202;0;
468;2024.10.05 21:00;4;23;23.3125;23.375;502;202;0;
469;2024.10.05 21:15;4;23;23.25;23.3125;502;202;0;
470;2024.10.05 21:30;4;23;23.3125;23.3125;502;202;0;
471;2024.10.05 21:45;4;23;23.25;23.25;502;202;0;
472;2024.10.05 22:00;4;23;23.25;23.25;502;202;0;
473;2024.10.05 22:15;4;22.9375;23.25;23.25;502;202;0;
474;2024.10.05 22:30;4;22.9375;23.25;23.25;502;202;0;
475;2024.10.05 22:45;4;22.9375;23.25;23.25;502;202;0;
476;2024.10.05 23:00;4;22.875;23.25;23.25;502;202;0;
477;2024.10.05 23:15;4;22.875;23.25;23.25;501;202;0;
478;2024.10.05 23:30;4;22.875;23.1875;23.25;501;202;0;
479;2024.10.05 23:45;4;22.875;23.1875;23.1875;501;202;0;
480;2024.10.06 00:00;4;22.875;23.1875;23.1875;501;202;0;
481;2024.10.06 00:15;4;22.875;23.125;23.1875;501;202;0;
482;2024.10.06 00:30;4;22.875;23.125;23.125;501;202;0;
483;2024.10.06 00:45;4;22.875;23.125;23.125;501;202;0;
484;2024.10.06 01:00;4;22.875;23.125;23.125;501;202;0;
485;2024.10.06 01:15;4;22.875;23.125;23.125;501;202;0;
486;2024.10.06 01:30;4;22.8125;23.125;23.125;501;202;0;
487;2024.10.06 01:45;4;22.8125;23.125;23.125;501;202;0;
488;2024.10.06 02:00;4;22.8125;23.125;23.125;501;202;0;
489;2024.10.06 02:15;4;22.8125;23.125;23.125;501;202;0;
490;2024.10.06 02:30;4;22.8125;23.125;23.125;501;202;0;
491;2024.10.06 02:45;4;22.75;23.125;23.125;501;202;0;
492;2024.10.06 03:00;4;22.75;23.125;23.125;501;202;0;
493;2024.10.06 03:15;4;22.75;23.0625;23.125;501;202;0;
494;2024.10.06 03:30;4;22.75;23.0625;23.125;501;202;0;
495;2024.10.06 03:45;4;22.75;23.0625;23.125;501;202;0;
496;2024.10.06 04:00;4;22.75;23.0625;23.0625;501;202;0;
497;2024.10.06 04:15;4;22.75;23.0625;23.0625;500;202;0;
498;2024.10.06 04:30;4;22.75;23.0625;23.0625;500;202;0;
499;2024.10.06 04:45;4;22.75;23;23.0625;500;202;0;
500;2024.10.06 05:00;4;22.75;23;23;500;202;0;
501;2024.10.06 05:15;4;22.75;23;23;500;202;0;
502;2024.10.06 05:30;4;22.75;23;23;500;202;0;
503;2024.10.06 05:45;4;22.75;23;23;500;202;0;
504;2024.10.06 06:00;4;22.75;23;23;500;202;0;
505;2024.10.06 06:15;4;22.75;23;23;500;202;0;
506;2024.10.06 06:30;4;22.75;23;23;500;202;0;
507;2024.10.06 06:45;4;22.75;23;23.0625;500;202;0;
508;2024.10.06 07:00;4;22.8125;23.0625;23.125;500;202;0;
509;2024.10.06 07:15;4;22.875;23.125;23.125;501;202;0;
510;2024.10.06 07:30;4;22.875;23.125;23.1875;501;202;0;
511;2024.10.06 07:45;4;22.875;23.125;23.25;501;202;0;
512;2024.10.06 08:00;4;22.9375;23.1875;23.25;501;202;0;
513;2024.10.06 08:15;4;23;23.25;23.3125;501;202;0;
514;2024.10.06 08:30;4;23;23.25;23.375;501;202;0;
515;2024.10.06 08:45;4;23;23.25;23.375;502;202;0;
516;2024.10.06 09:00;4;23.0625;23.3125;23.375;502;202;0;
517;2024.10.06 09:15;4;23.125;23.375;23.375;502;202;0;
518;2024.10.06 09:30;4;23.125;23.375;23.4375;502;202;0;
519;2024.10.06 09:45;4;23.125;23.375;23.5;502;202;0;
520;2024.10.06 10:00;4;23.125;23.4375;23.5;502;202;0;
521;2024.10.06 10:15;4;23.1875;23.5;23.5;502;202;0;
522;2024.10.06 10:30;4;23.25;23.5;23.5;502;202;0;
523;2024.10.06 10:45;4;23.25;23.5;23.5625;503;202;0;
524;2024.10.06 11:00;4;23.25;23.5;23.625;503;202;0;
525;2024.10.06 11:15;4;23.25;23.5625;23.625;503;202;0;
526;2024.10.06 11:30;4;23.3125;23.5625;23.625;503;202;0;
527;2024.10.06 11:45;4;23.3125;23.625;23.625;503;202;0;
528;2024.10.06 12:00;4;23.3125;23.625;23.625;503;202;0;
529;2024.10.06 12:15;4;23.375;23.625;23.625;503;202;0;
530;2024.10.06 12:30;4;23.375;23.625;23.6875;503;202;0;
531;2024.10.06 12:45;4;23.375;23.625;23.6875;503;202;0;
532;2024.10.06 13:00;4;23.375;23.625;23.75;503;202;0;
533;2024.10.06 13:15;4;23.375;23.6875;23.75;503;202;0;
534;2024.10.06 13:30;4;23.375;23.75;23.75;503;202;0;
535;2024.10.06 13:45;4;23.4375;23.75;23.75;503;202;0;
536;2024.10.06 14:00;4;23.4375;23.75;23.75;503;202;0;
537;2024.10.06 14:15;4;23.5;23.75;23.75;504;202;0;
538;2024.10.06 14:30;4;23.5;23.75;23.75;504;202;0;
539;2024.10.06 14:45;4;23.5;23.75;23.8125;504;202;0;
540;2024.10.06 15:00;4;23.5;23.75;23.8125;504;202;0;
541;2024.10.06 15:15;4;23.5;23.75;23.875;504;202;0;
542;2024.10.06 15:30;4;23.5;23.75;23.875;504;202;0;
543;2024.10.06 15:45;4;23.5;23.8125;23.875;504;202;0;
544;2024.10.06 16:00;4;23.5;23.8125;23.875;504;202;0;
545;2024.10.06 16:15;4;23.5;23.8125;23.875;504;202;0;
546;2024.10.06 16:30;4;23.5;23.8125;23.8125;504;202;0;
547;2024.10.06 16:45;4;23.5;23.75;23.8125;504;202;0;
548;2024.10.06 17:00;4;23.5;23.8125;23.8125;504;202;0;
549;2024.10.06 17:15;4;23.5;23.75;23.8125;504;202;0;
550;2024.10.06 17:30;4;23.5;23.75;23.8125;504;202;0;
551;2024.10.06 17:45;4;23.5;23.8125;23.8125;504;202;0;
552;2024.10.06 18:00;4;23.5;23.75;23.875;504;202;0;
553;2024.10.06 18:15;4;23.5;23.75;23.8125;504;202;0;
554;2024.10.06 18:30;4;23.5;23.75;23.8125;504;202;0;
555;2024.10.06 18:45;4;23.5;23.75;23.75;504;202;0;
556;2024.10.06 19:00;4;23.5;23.75;23.75;504;202;0;
557;2024.10.06 19:15;4;23.5;23.75;23.75;504;202;0;
558;2024.10.06 19:30;4;23.5;23.75;23.75;504;202;0;
559;2024.10.06 19:45;4;23.4375;23.75;23.75;504;202;0;
560;2024.10.06 20:00;4;23.4375;23.75;23.75;504;202;0;
561;2024.10.06 20:15;4;23.4375;23.75;23.75;503;202;0;
562;2024.10.06 20:30;4;23.375;23.75;23.75;503;202;0;
563;2024.10.06 20:45;4;23.375;23.75;23.75;503;202;0;
564;2024.10.06 21:00;4;23.375;23.75;23.75;503;202;0;
565;2024.10.06 21:15;4;23.375;23.75;23.75;503;202;0;
566;2024.10.06 21:30;4;23.375;23.75;23.75;503;202;0;
567;2024.10.06 21:45;4;23.375;23.6875;23.75;503;202;0;
568;2024.10.06 22:00;4;23.375;23.6875;23.75;503;202;0;
569;2024.10.06 22:15;4;23.375;23.6875;23.75;503;202;0;
570;2024.10.06 22:30;4;23.375;23.6875;23.75;503;202;0;
571;2024.10.06 22:45;4;23.375;23.6875;23.6875;503;202;0;
572;2024.10.06 23:00;4;23.375;23.6875;23.6875;503;202;0;
573;2024.10.06 23:15;4;23.375;23.625;23.6875;503;202;0;
574;2024.10.06 23:30;4;23.375;23.625;23.625;503;202;0;
575;2024.10.06 23:45;4;23.375;23.625;23.625;503;202;0;
